	gene_symbol	score	subtype	src	Name	Description	biotype
0	GAGE2	8.18	PR	zhan			
1	KIAA0101	7.84	PR	zhan	ENSG00000166803.6	KIAA0101	protein_coding
2	CCNB2	7.79	PR	zhan	ENSG00000157456.3	CCNB2	protein_coding
3	GAGE5	7.78	PR	zhan			
4	TYMS	7.4	PR	zhan	ENSG00000176890.11	TYMS	protein_coding
5	FLJ10719	7.39	PR	zhan			
6	FAM72A	7.37	PR	zhan	ENSG00000196550.6	FAM72A	protein_coding
7	CDCA1	7.22	PR	zhan			
8	DEPDC1B	7.2	PR	zhan	ENSG00000035499.8	DEPDC1B	protein_coding
9	GAGE4	7.19	PR	zhan			
10	RRM2	7.15	PR	zhan	ENSG00000171848.9	RRM2	protein_coding
11	UBE2T	7.09	PR	zhan	ENSG00000077152.5	UBE2T	protein_coding
12	GAGE1	7.08	PR	zhan	ENSG00000205777.13	GAGE1	protein_coding
13	KPNA2	7.06	PR	zhan	ENSG00000182481.4	KPNA2	protein_coding
14	MAGEA6	7.06	PR	zhan	ENSG00000197172.6	MAGEA6	protein_coding
15	RFC4	6.96	PR	zhan	ENSG00000163918.6	RFC4	protein_coding
16	MAGEA3	6.94	PR	zhan	ENSG00000221867.4	MAGEA3	protein_coding
17	NUSAP1	6.87	PR	zhan	ENSG00000137804.8	NUSAP1	protein_coding
18	BUB1B	6.85	PR	zhan	ENSG00000156970.8	BUB1B	protein_coding
19	BIRC5	6.83	PR	zhan	ENSG00000089685.10	BIRC5	protein_coding
20	MCM10	6.82	PR	zhan	ENSG00000065328.12	MCM10	protein_coding
21	FLJ10534	6.81	PR	zhan			
22	KIF14	6.74	PR	zhan	ENSG00000118193.7	KIF14	protein_coding
23	TPX2	6.74	PR	zhan	ENSG00000088325.11	TPX2	protein_coding
24	RACGAP1	6.72	PR	zhan	ENSG00000161800.8	RACGAP1	protein_coding
25	E2F8	6.67	PR	zhan	ENSG00000129173.8	E2F8	protein_coding
26	222606_at	6.5	PR	zhan			
27	SPBC24	6.49	PR	zhan			
28	TOP2A	6.47	PR	zhan	ENSG00000131747.10	TOP2A	protein_coding
29	STK6	6.47	PR	zhan			
30	SPBC25	6.47	PR	zhan			
31	CCNB1	6.42	PR	zhan	ENSG00000134057.10	CCNB1	protein_coding
32	FLJ11029	6.41	PR	zhan			
33	ASPM	6.38	PR	zhan	ENSG00000066279.12	ASPM	protein_coding
34	FOXM1	6.38	PR	zhan	ENSG00000111206.8	FOXM1	protein_coding
35	NY-REN-41	6.35	PR	zhan			
36	SLC19A1	6.32	PR	zhan	ENSG00000173638.14	SLC19A1	protein_coding
37	CDC2	6.22	PR	zhan			
38	TRIP13	6.21	PR	zhan	ENSG00000071539.9	TRIP13	protein_coding
39	TTK	6.2	PR	zhan	ENSG00000112742.5	TTK	protein_coding
40	MAGEA1	6.19	PR	zhan	ENSG00000198681.5	MAGEA1	protein_coding
41	BRP44	6.18	PR	zhan			
42	EZH2	6.17	PR	zhan	ENSG00000106462.6	EZH2	protein_coding
43	C1orf155	6.11	PR	zhan			
44	DLG7	6.11	PR	zhan			
45	PRC1	6.09	PR	zhan	ENSG00000198901.9	PRC1	protein_coding
46	DCC1	6.08	PR	zhan			
47	NEK2	6.06	PR	zhan	ENSG00000117650.8	NEK2	protein_coding
48	UBE2C	6.03	PR	zhan	ENSG00000175063.12	UBE2C	protein_coding
49	C18orf24	6.0	PR	zhan			
50	PHACTR3	9.46	LB	zhan	ENSG00000087495.12	PHACTR3	protein_coding
51	RASGRP1	6.56	LB	zhan	ENSG00000172575.7	RASGRP1	protein_coding
52	PBEF1	6.55	LB	zhan			
53	PLXNA1	6.44	LB	zhan	ENSG00000114554.7	PLXNA1	protein_coding
54	PARP15	5.95	LB	zhan	ENSG00000173200.8	PARP15	protein_coding
55	PLEKHA7	5.81	LB	zhan	ENSG00000166689.10	PLEKHA7	protein_coding
56	KCNJ11	5.75	LB	zhan	ENSG00000187486.5	KCNJ11	protein_coding
57	230781_at	5.7	LB	zhan			
58	COL9A2	5.57	LB	zhan	ENSG00000049089.9	COL9A2	protein_coding
59	EDN1	5.57	LB	zhan	ENSG00000078401.6	EDN1	protein_coding
60	LOC283278	5.51	LB	zhan			
61	CSF2RB	5.51	LB	zhan	ENSG00000100368.9	CSF2RB	protein_coding
62	CYBRD1	5.47	LB	zhan	ENSG00000071967.7	CYBRD1	protein_coding
63	NTHL1	5.34	LB	zhan	ENSG00000065057.3	NTHL1	protein_coding
64	MAP4K3	5.06	LB	zhan	ENSG00000011566.10	MAP4K3	protein_coding
65	PPP1R14A	4.81	LB	zhan	ENSG00000167641.6	PPP1R14A	protein_coding
66	PCGF5	4.8	LB	zhan	ENSG00000180628.10	PCGF5	protein_coding
67	FLJ30901	4.79	LB	zhan			
68	CTTN	4.79	LB	zhan	ENSG00000085733.11	CTTN	protein_coding
69	1558397_at	4.79	LB	zhan			
70	LOC253981	4.73	LB	zhan			
71	MAST4	4.64	LB	zhan	ENSG00000069020.14	MAST4	protein_coding
72	LOC338620	4.53	LB	zhan			
73	CGREF1	4.53	LB	zhan	ENSG00000138028.10	CGREF1	protein_coding
74	P2RX5	4.52	LB	zhan	ENSG00000083454.17	P2RX5	protein_coding
75	FLNB	4.45	LB	zhan	ENSG00000136068.10	FLNB	protein_coding
76	229359_at	4.44	LB	zhan			
77	BOC	4.43	LB	zhan	ENSG00000144857.10	BOC	protein_coding
78	BIK	4.35	LB	zhan	ENSG00000100290.2	BIK	protein_coding
79	229067_at	4.31	LB	zhan			
80	USP53	4.3	LB	zhan	ENSG00000145390.7	USP53	protein_coding
81	SMAP1L	4.28	LB	zhan			
82	HES5	4.28	LB	zhan	ENSG00000197921.5	HES5	protein_coding
83	SLC39A6	4.25	LB	zhan	ENSG00000141424.8	SLC39A6	protein_coding
84	LOC130576	4.24	LB	zhan			
85	MBD2	4.23	LB	zhan	ENSG00000134046.7	MBD2	protein_coding
86	CACNB3	4.23	LB	zhan	ENSG00000167535.3	CACNB3	protein_coding
87	KIAA0895	4.21	LB	zhan	ENSG00000164542.8	KIAA0895	protein_coding
88	COPZ2	4.18	LB	zhan	ENSG00000005243.5	COPZ2	protein_coding
89	235427_at	4.17	LB	zhan			
90	PLS1	4.17	LB	zhan	ENSG00000120756.8	PLS1	protein_coding
91	ARID5B	4.16	LB	zhan	ENSG00000150347.10	ARID5B	protein_coding
92	SAMD3	4.15	LB	zhan	ENSG00000164483.12	SAMD3	protein_coding
93	LOC400793	4.1	LB	zhan			
94	LOC283454	4.09	LB	zhan			
95	1568955_at	4.08	LB	zhan			
96	ADAM22	4.02	LB	zhan	ENSG00000008277.10	ADAM22	protein_coding
97	C19orf36	4.01	LB	zhan			
98	ARNT2	4.01	LB	zhan	ENSG00000172379.14	ARNT2	protein_coding
99	C6orf105	3.99	LB	zhan			
100	WHSC1	23.19	MS	zhan	ENSG00000109685.13	WHSC1	protein_coding
101	FGFR3	18.32	MS	zhan	ENSG00000068078.13	FGFR3	protein_coding
102	BACE2	11.94	MS	zhan	ENSG00000182240.11	BACE2	protein_coding
103	DSG2	11.61	MS	zhan	ENSG00000046604.8	DSG2	protein_coding
104	CLEC11A	10.53	MS	zhan	ENSG00000105472.8	CLEC11A	protein_coding
105	CENTG2	10.19	MS	zhan			
106	MYRIP	9.26	MS	zhan	ENSG00000170011.9	MYRIP	protein_coding
107	FZD2	8.99	MS	zhan	ENSG00000180340.5	FZD2	protein_coding
108	SERPINE2	8.93	MS	zhan	ENSG00000135919.8	SERPINE2	protein_coding
109	NAP1L3	8.87	MS	zhan	ENSG00000186310.9	NAP1L3	protein_coding
110	C10orf38	8.62	MS	zhan			
111	JAM3	8.42	MS	zhan	ENSG00000166086.8	JAM3	protein_coding
112	RPIB9	8.24	MS	zhan			
113	C18orf4	8.09	MS	zhan			
114	NGFRAP1	7.99	MS	zhan	ENSG00000166681.9	NGFRAP1	protein_coding
115	TRIM58	7.97	MS	zhan	ENSG00000162722.8	TRIM58	protein_coding
116	FZD8	7.88	MS	zhan	ENSG00000177283.4	FZD8	protein_coding
117	PBX1	7.66	MS	zhan	ENSG00000185630.14	PBX1	protein_coding
118	PCSK5	7.56	MS	zhan	ENSG00000099139.9	PCSK5	protein_coding
119	CLGN	7.55	MS	zhan	ENSG00000153132.8	CLGN	protein_coding
120	RAI2	7.5	MS	zhan	ENSG00000131831.13	RAI2	protein_coding
121	HCA112	7.47	MS	zhan			
122	PPM1H	7.44	MS	zhan	ENSG00000111110.7	PPM1H	protein_coding
123	ZNF503	7.44	MS	zhan	ENSG00000165655.14	ZNF503	protein_coding
124	CST3	7.35	MS	zhan	ENSG00000101439.4	CST3	protein_coding
125	BOMB	7.33	MS	zhan			
126	DTNA	7.26	MS	zhan	ENSG00000134769.17	DTNA	protein_coding
127	NCRMS	7.21	MS	zhan			
128	LRP12	7.18	MS	zhan	ENSG00000147650.7	LRP12	protein_coding
129	LOH11CR2A	7.17	MS	zhan			
130	KLHL13	7.16	MS	zhan	ENSG00000003096.9	KLHL13	protein_coding
131	241535_at	7.13	MS	zhan			
132	MITF	7.12	MS	zhan	ENSG00000187098.10	MITF	protein_coding
133	LOC400741	7.09	MS	zhan			
134	RNF32	7.03	MS	zhan	ENSG00000105982.12	RNF32	protein_coding
135	227290_at	7.0	MS	zhan			
136	ZNF521	6.97	MS	zhan	ENSG00000198795.6	ZNF521	protein_coding
137	CLIC6	6.93	MS	zhan	ENSG00000159212.8	CLIC6	protein_coding
138	NRIP1	6.84	MS	zhan	ENSG00000180530.5	NRIP1	protein_coding
139	SPRY2	6.69	MS	zhan	ENSG00000136158.6	SPRY2	protein_coding
140	TCEAL2	6.66	MS	zhan	ENSG00000184905.4	TCEAL2	protein_coding
141	SLC22A17	6.65	MS	zhan	ENSG00000092096.10	SLC22A17	protein_coding
142	MYO10	6.64	MS	zhan	ENSG00000145555.10	MYO10	protein_coding
143	KIAA0992	6.63	MS	zhan			
144	TEAD1	6.61	MS	zhan	ENSG00000187079.10	TEAD1	protein_coding
145	MARK1	6.6	MS	zhan	ENSG00000116141.11	MARK1	protein_coding
146	C10orf30	6.6	MS	zhan			
147	LR8	6.58	MS	zhan			
148	LARP6	6.54	MS	zhan	ENSG00000166173.9	LARP6	protein_coding
149	MAGI1	6.48	MS	zhan	ENSG00000151276.19	MAGI1	protein_coding
150	GNG11	12.48	HP	zhan	ENSG00000127920.5	GNG11	protein_coding
151	ISL2	12.0	HP	zhan	ENSG00000159556.5	ISL2	protein_coding
152	TNFSF10	11.93	HP	zhan	ENSG00000121858.6	TNFSF10	protein_coding
153	TIGA1	10.19	HP	zhan			
154	SCYL2	10.18	HP	zhan	ENSG00000136021.13	SCYL2	protein_coding
155	GTF2F2	10.0	HP	zhan	ENSG00000188342.7	GTF2F2	protein_coding
156	230479_at	9.35	HP	zhan			
157	RPL37	9.29	HP	zhan	ENSG00000145592.9	RPL37	protein_coding
158	FCHSD2	9.15	HP	zhan	ENSG00000137478.10	FCHSD2	protein_coding
159	CCRL2	9.03	HP	zhan	ENSG00000121797.9	CCRL2	protein_coding
160	PAK1	9.03	HP	zhan	ENSG00000149269.5	PAK1	protein_coding
161	SIDT1	9.02	HP	zhan	ENSG00000072858.6	SIDT1	protein_coding
162	ELOVL7	8.92	HP	zhan	ENSG00000164181.9	ELOVL7	protein_coding
163	F2R	8.91	HP	zhan	ENSG00000181104.6	F2R	protein_coding
164	ATP5L	8.86	HP	zhan	ENSG00000167283.3	ATP5L	protein_coding
165	CNTN5	8.81	HP	zhan	ENSG00000149972.6	CNTN5	protein_coding
166	KIAA0141	8.74	HP	zhan	ENSG00000081791.4	KIAA0141	protein_coding
167	FRZB	8.71	HP	zhan	ENSG00000162998.4	FRZB	protein_coding
168	EPHB1	8.7	HP	zhan	ENSG00000154928.12	EPHB1	protein_coding
169	GBA3	8.63	HP	zhan	ENSG00000249948.2	GBA3	protein_coding
170	MGC16037	8.63	HP	zhan			
171	ICF45	8.62	HP	zhan			
172	RBM30	8.59	HP	zhan			
173	DDX58	8.53	HP	zhan	ENSG00000107201.5	DDX58	protein_coding
174	GLTSCR2	8.48	HP	zhan	ENSG00000105373.14	GLTSCR2	protein_coding
175	224610_at	8.47	HP	zhan			
176	FLI1	8.38	HP	zhan	ENSG00000151702.12	FLI1	protein_coding
177	KIAA1912	8.3	HP	zhan			
178	238039_at	8.28	HP	zhan			
179	RPS17	8.27	HP	zhan	ENSG00000184779.8	RPS17	protein_coding
180	C11orf2	8.24	HP	zhan			
181	XRCC4	8.23	HP	zhan	ENSG00000152422.11	XRCC4	protein_coding
182	H41	8.22	HP	zhan			
183	SEMA4D	8.15	HP	zhan	ENSG00000187764.7	SEMA4D	protein_coding
184	RPL13A	8.1	HP	zhan	ENSG00000142541.12	RPL13A	protein_coding
185	LOC129293	8.09	HP	zhan			
186	RSAD2	8.08	HP	zhan	ENSG00000134321.7	RSAD2	protein_coding
187	MNAB	7.95	HP	zhan			
188	CSNK1G3	7.93	HP	zhan	ENSG00000151292.13	CSNK1G3	protein_coding
189	LAG3	7.86	HP	zhan	ENSG00000089692.4	LAG3	protein_coding
190	PIP5K1B	7.86	HP	zhan	ENSG00000107242.13	PIP5K1B	protein_coding
191	RPL7A	7.8	HP	zhan	ENSG00000148303.12	RPL7A	protein_coding
192	OAS2	7.75	HP	zhan	ENSG00000111335.8	OAS2	protein_coding
193	CCR5	7.72	HP	zhan	ENSG00000160791.12	CCR5	protein_coding
194	TALDO1	7.72	HP	zhan	ENSG00000177156.6	TALDO1	protein_coding
195	ZNF291	7.63	HP	zhan			
196	IPO7	7.63	HP	zhan	ENSG00000205339.5	IPO7	protein_coding
197	POLR1D	7.57	HP	zhan	ENSG00000186184.11	POLR1D	protein_coding
198	AMIGO2	7.56	HP	zhan	ENSG00000139211.5	AMIGO2	protein_coding
199	LAMP3	7.52	HP	zhan	ENSG00000078081.3	LAMP3	protein_coding
200	KLHL4	8.21	CD-1	zhan	ENSG00000102271.9	KLHL4	protein_coding
201	ADRB1	7.87	CD-1	zhan	ENSG00000043591.4	ADRB1	protein_coding
202	INHBE	7.74	CD-1	zhan	ENSG00000139269.2	INHBE	protein_coding
203	RBP1	7.57	CD-1	zhan	ENSG00000114115.5	RBP1	protein_coding
204	CLEC2D	7.52	CD-1	zhan	ENSG00000069493.10	CLEC2D	protein_coding
205	SLC7A11	6.92	CD-1	zhan	ENSG00000151012.9	SLC7A11	protein_coding
206	G0S2	6.65	CD-1	zhan	ENSG00000123689.5	G0S2	protein_coding
207	MFAP4	6.59	CD-1	zhan	ENSG00000166482.7	MFAP4	protein_coding
208	GPR63	6.53	CD-1	zhan	ENSG00000112218.7	GPR63	protein_coding
209	ASB2	6.2	CD-1	zhan	ENSG00000100628.7	ASB2	protein_coding
210	C20orf100	5.98	CD-1	zhan			
211	FYN	5.93	CD-1	zhan	ENSG00000010810.13	FYN	protein_coding
212	ALPK2	5.88	CD-1	zhan	ENSG00000198796.6	ALPK2	protein_coding
213	PTGER2	5.85	CD-1	zhan	ENSG00000125384.6	PTGER2	protein_coding
214	TBC1D16	5.84	CD-1	zhan	ENSG00000167291.11	TBC1D16	protein_coding
215	CTH	5.77	CD-1	zhan	ENSG00000116761.7	CTH	protein_coding
216	EIF4EBP1	5.69	CD-1	zhan	ENSG00000187840.4	EIF4EBP1	protein_coding
217	TM6SF1	5.53	CD-1	zhan	ENSG00000136404.11	TM6SF1	protein_coding
218	227353_at	5.48	CD-1	zhan			
219	239062_at	5.48	CD-1	zhan			
220	PCDH20	5.42	CD-1	zhan	ENSG00000197991.10	PCDH20	protein_coding
221	CEBPB (NF-IL6)	5.25	CD-1	zhan			
222	EVER1	5.24	CD-1	zhan			
223	HADHSC	5.21	CD-1	zhan			
224	ZNF70	5.2	CD-1	zhan	ENSG00000187792.3	ZNF70	protein_coding
225	PCK2	5.15	CD-1	zhan	ENSG00000100889.7	PCK2	protein_coding
226	GPT2	5.1	CD-1	zhan	ENSG00000166123.9	GPT2	protein_coding
227	SYTL1	5.1	CD-1	zhan	ENSG00000142765.13	SYTL1	protein_coding
228	PHGDH	5.07	CD-1	zhan	ENSG00000092621.7	PHGDH	protein_coding
229	NID2	5.03	CD-1	zhan	ENSG00000087303.12	NID2	protein_coding
230	XPOT	5.02	CD-1	zhan	ENSG00000184575.7	XPOT	protein_coding
231	SESN2	5.01	CD-1	zhan	ENSG00000130766.4	SESN2	protein_coding
232	FLJ14001	5.01	CD-1	zhan			
233	ATF5	4.88	CD-1	zhan	ENSG00000169136.4	ATF5	protein_coding
234	RAB33A	4.8	CD-1	zhan	ENSG00000134594.4	RAB33A	protein_coding
235	RAB31	4.76	CD-1	zhan	ENSG00000168461.8	RAB31	protein_coding
236	OCIL	4.69	CD-1	zhan			
237	RGAG4	4.68	CD-1	zhan	ENSG00000242732.3	RGAG4	protein_coding
238	TRIB3	4.67	CD-1	zhan	ENSG00000101255.6	TRIB3	protein_coding
239	BGLAP	4.61	CD-1	zhan	ENSG00000242252.1	BGLAP	protein_coding
240	SNFT	4.58	CD-1	zhan			
241	228024_at	4.56	CD-1	zhan			
242	ERN1	4.5	CD-1	zhan	ENSG00000178607.11	ERN1	protein_coding
243	GTPBP7	4.5	CD-1	zhan			
244	STC2	4.49	CD-1	zhan	ENSG00000113739.6	STC2	protein_coding
245	ITGAL	4.44	CD-1	zhan	ENSG00000005844.13	ITGAL	protein_coding
246	PPP2R5E	4.43	CD-1	zhan	ENSG00000154001.9	PPP2R5E	protein_coding
247	CSTA	4.39	CD-1	zhan	ENSG00000121552.3	CSTA	protein_coding
248	EVER2	4.39	CD-1	zhan			
249	DJ971N18.2	4.37	CD-1	zhan			
250	MS4A1	10.95	CD-2	zhan	ENSG00000156738.13	MS4A1	protein_coding
251	VPREB3	10.83	CD-2	zhan	ENSG00000128218.7	VPREB3	protein_coding
252	DTX1	10.4	CD-2	zhan	ENSG00000135144.3	DTX1	protein_coding
253	CLLU1	8.93	CD-2	zhan	ENSG00000257127.2	CLLU1	protein_coding
254	236065_at	8.57	CD-2	zhan			
255	SORT1	8.45	CD-2	zhan	ENSG00000134243.7	SORT1	protein_coding
256	1556583_a_at	7.85	CD-2	zhan			
257	PAX5	7.72	CD-2	zhan	ENSG00000196092.8	PAX5	protein_coding
258	SRC	6.94	CD-2	zhan	ENSG00000197122.7	SRC	protein_coding
259	SDC2	6.92	CD-2	zhan	ENSG00000169439.7	SDC2	protein_coding
260	METRNL	6.89	CD-2	zhan	ENSG00000176845.8	METRNL	protein_coding
261	C1orf165	6.78	CD-2	zhan			
262	CNR1	6.75	CD-2	zhan	ENSG00000118432.11	CNR1	protein_coding
263	APLP2	6.67	CD-2	zhan	ENSG00000084234.12	APLP2	protein_coding
264	FCRLM2	6.66	CD-2	zhan			
265	NF1	6.62	CD-2	zhan	ENSG00000196712.12	NF1	protein_coding
266	PNOC	6.58	CD-2	zhan	ENSG00000168081.4	PNOC	protein_coding
267	TNFRSF7 (CD27L)	6.57	CD-2	zhan			
268	PPAP2B	6.55	CD-2	zhan	ENSG00000162407.8	PPAP2B	protein_coding
269	MARCKS	6.51	CD-2	zhan	ENSG00000155130.5	MARCKS	protein_coding
270	LAMA2	6.45	CD-2	zhan	ENSG00000196569.7	LAMA2	protein_coding
271	PLXNB2	6.44	CD-2	zhan	ENSG00000196576.10	PLXNB2	protein_coding
272	C2orf24	6.38	CD-2	zhan			
273	243780_at	6.36	CD-2	zhan			
274	CD79A	6.35	CD-2	zhan	ENSG00000105369.5	CD79A	protein_coding
275	RCBTB2	6.33	CD-2	zhan	ENSG00000136161.8	RCBTB2	protein_coding
276	PHLPPL	6.15	CD-2	zhan			
277	1560225_at	6.14	CD-2	zhan			
278	LOC338758	6.09	CD-2	zhan			
279	RNGTT	6.02	CD-2	zhan	ENSG00000111880.11	RNGTT	protein_coding
280	238282_at	5.95	CD-2	zhan			
281	227396_at	5.91	CD-2	zhan			
282	235764_at	5.83	CD-2	zhan			
283	DYRK2	5.82	CD-2	zhan	ENSG00000127334.10	DYRK2	protein_coding
284	B3GALT3	5.77	CD-2	zhan			
285	ZNF395	5.76	CD-2	zhan	ENSG00000186918.9	ZNF395	protein_coding
286	TRAF5	5.76	CD-2	zhan	ENSG00000082512.10	TRAF5	protein_coding
287	SPAG4	5.75	CD-2	zhan	ENSG00000061656.5	SPAG4	protein_coding
288	ADSSL1	5.74	CD-2	zhan	ENSG00000185100.6	ADSSL1	protein_coding
289	PIK3AP1	5.66	CD-2	zhan	ENSG00000155629.10	PIK3AP1	protein_coding
290	PDZRN4	5.65	CD-2	zhan	ENSG00000165966.10	PDZRN4	protein_coding
291	ZNF608	5.65	CD-2	zhan	ENSG00000168916.11	ZNF608	protein_coding
292	RGS13	5.64	CD-2	zhan	ENSG00000127074.10	RGS13	protein_coding
293	TGIF	5.64	CD-2	zhan			
294	NAGK	5.63	CD-2	zhan	ENSG00000124357.8	NAGK	protein_coding
295	DUSP22	5.63	CD-2	zhan	ENSG00000112679.10	DUSP22	protein_coding
296	TNFSF8 (CD30L)	5.63	CD-2	zhan			
297	RERE	5.62	CD-2	zhan	ENSG00000142599.13	RERE	protein_coding
298	DHTKD1	5.61	CD-2	zhan	ENSG00000181192.7	DHTKD1	protein_coding
299	ITPKB	5.57	CD-2	zhan	ENSG00000143772.5	ITPKB	protein_coding
300	CX3CR1	14.68	MF	zhan	ENSG00000168329.9	CX3CR1	protein_coding
301	TMEM37	14.14	MF	zhan	ENSG00000171227.6	TMEM37	protein_coding
302	NUAK1 (ARK5)	13.46	MF	zhan			
303	GPM6B	12.32	MF	zhan	ENSG00000046653.10	GPM6B	protein_coding
304	TLR4	12.25	MF	zhan	ENSG00000136869.13	TLR4	protein_coding
305	ITGB7	11.92	MF	zhan	ENSG00000139626.11	ITGB7	protein_coding
306	SMARCA1	11.86	MF	zhan	ENSG00000102038.11	SMARCA1	protein_coding
307	ARID5A	11.75	MF	zhan	ENSG00000196843.11	ARID5A	protein_coding
308	NTRK2	10.31	MF	zhan	ENSG00000148053.11	NTRK2	protein_coding
309	LOC400451	10.27	MF	zhan			
310	SPP1	9.99	MF	zhan	ENSG00000118785.9	SPP1	protein_coding
311	1570445_a_at	9.42	MF	zhan			
312	1569785_at	9.4	MF	zhan			
313	MCTP1	9.37	MF	zhan	ENSG00000175471.15	MCTP1	protein_coding
314	GREB1	9.35	MF	zhan	ENSG00000196208.9	GREB1	protein_coding
315	PRSS7	9.32	MF	zhan			
316	DPYSL2	9.31	MF	zhan	ENSG00000092964.12	DPYSL2	protein_coding
317	COTL1	9.09	MF	zhan	ENSG00000103187.6	COTL1	protein_coding
318	SLC25A20	8.79	MF	zhan	ENSG00000178537.5	SLC25A20	protein_coding
319	MGC2574	8.72	MF	zhan			
320	LOC441117	8.7	MF	zhan			
321	DEFB4	8.59	MF	zhan			
322	SHMT1	8.48	MF	zhan	ENSG00000176974.13	SHMT1	protein_coding
323	MFAP2	8.27	MF	zhan	ENSG00000117122.9	MFAP2	protein_coding
324	TRIM47	8.23	MF	zhan	ENSG00000132481.2	TRIM47	protein_coding
325	DFNB31	8.13	MF	zhan	ENSG00000095397.9	DFNB31	protein_coding
326	CEBPD	8.01	MF	zhan	ENSG00000221869.4	CEBPD	protein_coding
327	LOC151162	7.96	MF	zhan			
328	RASSF4	7.89	MF	zhan	ENSG00000107551.16	RASSF4	protein_coding
329	C20orf22	7.46	MF	zhan			
330	CDH1 (E-cahherin)	7.43	MF	zhan			
331	ARPC1B	7.42	MF	zhan	ENSG00000130429.8	ARPC1B	protein_coding
332	FAM70A	7.41	MF	zhan			
333	AGMAT	7.39	MF	zhan	ENSG00000116771.5	AGMAT	protein_coding
334	CD109	7.3	MF	zhan	ENSG00000156535.9	CD109	protein_coding
335	NMU	7.26	MF	zhan	ENSG00000109255.7	NMU	protein_coding
336	C20orf39	7.22	MF	zhan			
337	TUBB-PARALOG	7.16	MF	zhan			
338	ECGF1	7.15	MF	zhan			
339	DOCK4	7.1	MF	zhan	ENSG00000128512.15	DOCK4	protein_coding
340	CXCL12 (SDF-1)	7.08	MF	zhan			
341	ABLIM1	7.06	MF	zhan	ENSG00000099204.14	ABLIM1	protein_coding
342	ARHGAP6	7.02	MF	zhan	ENSG00000047648.17	ARHGAP6	protein_coding
343	RNASE6	7.02	MF	zhan	ENSG00000169413.2	RNASE6	protein_coding
344	PBP	7.0	MF	zhan			
345	ATP13A2	6.99	MF	zhan	ENSG00000159363.13	ATP13A2	protein_coding
346	APOBEC3A	6.88	MF	zhan	ENSG00000128383.8	APOBEC3A	protein_coding
347	PYGB	6.8	MF	zhan	ENSG00000100994.7	PYGB	protein_coding
348	LCP2	6.79	MF	zhan	ENSG00000043462.7	LCP2	protein_coding
349	SFRP2	6.72	MF	zhan	ENSG00000145423.4	SFRP2	protein_coding
350	CBX7	-7.49	PR	zhan	ENSG00000100307.8	CBX7	protein_coding
351	EPS15	-6.06	PR	zhan	ENSG00000085832.12	EPS15	protein_coding
352	SLC7A7	-5.77	PR	zhan	ENSG00000155465.14	SLC7A7	protein_coding
353	PCDHGC3	-5.48	PR	zhan	ENSG00000240184.2	PCDHGC3	protein_coding
354	INADL	-5.42	PR	zhan	ENSG00000132849.14	INADL	protein_coding
355	TBC1D10C	-5.39	PR	zhan	ENSG00000175463.7	TBC1D10C	protein_coding
356	FGF2	-5.25	PR	zhan	ENSG00000138685.8	FGF2	protein_coding
357	FGD4	-5.21	PR	zhan	ENSG00000139132.10	FGD4	protein_coding
358	DUSP26	-5.18	PR	zhan	ENSG00000133878.4	DUSP26	protein_coding
359	DPYD	-5.14	PR	zhan	ENSG00000188641.8	DPYD	protein_coding
360	ARHGAP18	-5.08	PR	zhan	ENSG00000146376.6	ARHGAP18	protein_coding
361	DDHD2	-5.06	PR	zhan	ENSG00000085788.9	DDHD2	protein_coding
362	C1orf119	-4.97	PR	zhan			
363	ZHX2	-4.96	PR	zhan	ENSG00000178764.6	ZHX2	protein_coding
364	FLJ25076	-4.96	PR	zhan			
365	MOBKL2C	-4.89	PR	zhan			
366	SOCS1	-4.86	PR	zhan	ENSG00000185338.4	SOCS1	protein_coding
367	ZBTB20	-4.86	PR	zhan	ENSG00000181722.11	ZBTB20	protein_coding
368	NLK	-4.82	PR	zhan	ENSG00000087095.8	NLK	protein_coding
369	PWWP2	-4.74	PR	zhan			
370	PAXIP1L	-4.73	PR	zhan			
371	GAB1	-4.67	PR	zhan	ENSG00000109458.4	GAB1	protein_coding
372	BAZ2B	-4.67	PR	zhan	ENSG00000123636.13	BAZ2B	protein_coding
373	ARID5B	-4.66	PR	zhan	ENSG00000150347.10	ARID5B	protein_coding
374	PPAPDC1B	-4.64	PR	zhan	ENSG00000147535.12	PPAPDC1B	protein_coding
375	SMAP1L	-4.6	PR	zhan			
376	JMJD1C	-4.6	PR	zhan	ENSG00000171988.13	JMJD1C	protein_coding
377	MAP2	-4.54	PR	zhan	ENSG00000078018.15	MAP2	protein_coding
378	TIFA	-4.53	PR	zhan	ENSG00000145365.10	TIFA	protein_coding
379	TFEB	-4.51	PR	zhan	ENSG00000112561.13	TFEB	protein_coding
380	ALCAM	-4.46	PR	zhan	ENSG00000170017.8	ALCAM	protein_coding
381	SYNE2	-4.43	PR	zhan	ENSG00000054654.11	SYNE2	protein_coding
382	BLNK	-4.42	PR	zhan	ENSG00000095585.12	BLNK	protein_coding
383	226773_at	-4.42	PR	zhan			
384	CYLD	-4.39	PR	zhan	ENSG00000083799.13	CYLD	protein_coding
385	241859_at	-4.39	PR	zhan			
386	LOC91526	-4.39	PR	zhan			
387	PCAF	-4.38	PR	zhan			
388	PHF1	-4.33	PR	zhan	ENSG00000112511.13	PHF1	protein_coding
389	CNTN1	-4.32	PR	zhan	ENSG00000018236.10	CNTN1	protein_coding
390	RSBN1	-4.3	PR	zhan	ENSG00000081019.9	RSBN1	protein_coding
391	RASGRP3	-4.26	PR	zhan	ENSG00000152689.13	RASGRP3	protein_coding
392	RANBP2L1	-4.25	PR	zhan			
393	MGC40042	-4.25	PR	zhan			
394	NR3C2	-4.25	PR	zhan	ENSG00000151623.10	NR3C2	protein_coding
395	SH3GLB1	-4.23	PR	zhan	ENSG00000097033.10	SH3GLB1	protein_coding
396	BCL10	-4.23	PR	zhan	ENSG00000142867.8	BCL10	protein_coding
397	TK2	-4.21	PR	zhan	ENSG00000166548.11	TK2	protein_coding
398	PRDM2 (TSG)	-4.2	PR	zhan			
399	SATB1	-4.2	PR	zhan	ENSG00000182568.12	SATB1	protein_coding
400	222001_x_at	-7.44	LB	zhan			
401	FAM91A2	-7.22	LB	zhan			
402	CCR2	-6.61	LB	zhan	ENSG00000121807.5	CCR2	protein_coding
403	DUSP6	-6.42	LB	zhan	ENSG00000139318.7	DUSP6	protein_coding
404	LY6E	-6.41	LB	zhan	ENSG00000160932.6	LY6E	protein_coding
405	PTPRCAP	-6.15	LB	zhan	ENSG00000213402.2	PTPRCAP	protein_coding
406	SEPHS1	-5.97	LB	zhan	ENSG00000086475.10	SEPHS1	protein_coding
407	FAM70A	-5.92	LB	zhan			
408	LOC440667	-5.81	LB	zhan			
409	CKLF	-5.67	LB	zhan	ENSG00000217555.8	CKLF	protein_coding
410	BASP1	-5.6	LB	zhan	ENSG00000176788.7	BASP1	protein_coding
411	IFRG28	-5.52	LB	zhan			
412	CASP4	-5.48	LB	zhan	ENSG00000196954.8	CASP4	protein_coding
413	TACC1	-5.4	LB	zhan	ENSG00000147526.15	TACC1	protein_coding
414	240890_at	-5.35	LB	zhan			
415	ZC3H12C	-5.29	LB	zhan	ENSG00000149289.6	ZC3H12C	protein_coding
416	PARP8	-5.1	LB	zhan	ENSG00000151883.12	PARP8	protein_coding
417	STAT1	-5.07	LB	zhan	ENSG00000115415.14	STAT1	protein_coding
418	BIRC4BP	-5.04	LB	zhan			
419	MX2	-4.93	LB	zhan	ENSG00000183486.8	MX2	protein_coding
420	244008_at	-4.93	LB	zhan			
421	236704_at	-4.76	LB	zhan			
422	229429_x_at	-4.72	LB	zhan			
423	227383_at	-4.7	LB	zhan			
424	WASPIP	-4.69	LB	zhan			
425	IFI27	-4.66	LB	zhan	ENSG00000165949.8	IFI27	protein_coding
426	TRAF5	-4.6	LB	zhan	ENSG00000082512.10	TRAF5	protein_coding
427	IFIT5	-4.56	LB	zhan	ENSG00000152778.7	IFIT5	protein_coding
428	MAN1C1	-4.52	LB	zhan	ENSG00000117643.10	MAN1C1	protein_coding
429	227384_s_at	-4.5	LB	zhan			
430	RSAD2	-4.5	LB	zhan	ENSG00000134321.7	RSAD2	protein_coding
431	FLJ39739	-4.49	LB	zhan			
432	AKNA	-4.49	LB	zhan	ENSG00000106948.12	AKNA	protein_coding
433	G1P3	-4.42	LB	zhan			
434	CAP1	-4.41	LB	zhan	ENSG00000131236.12	CAP1	protein_coding
435	HIF1A	-4.39	LB	zhan	ENSG00000100644.12	HIF1A	protein_coding
436	HIST1H3D	-4.23	LB	zhan	ENSG00000197409.6	HIST1H3D	protein_coding
437	FLJ46385	-4.22	LB	zhan			
438	240122_at	-4.22	LB	zhan			
439	ENAM	-4.15	LB	zhan	ENSG00000132464.7	ENAM	protein_coding
440	IFI35	-4.14	LB	zhan	ENSG00000068079.3	IFI35	protein_coding
441	IRF1	-4.09	LB	zhan	ENSG00000125347.9	IRF1	protein_coding
442	STAT2	-4.08	LB	zhan	ENSG00000170581.9	STAT2	protein_coding
443	FLJ20035	-4.05	LB	zhan			
444	GTPBP1	-4.02	LB	zhan	ENSG00000100226.11	GTPBP1	protein_coding
445	PSMB10	-4.0	LB	zhan	ENSG00000205220.7	PSMB10	protein_coding
446	LYSMD2	-3.99	LB	zhan	ENSG00000140280.9	LYSMD2	protein_coding
447	USP18	-3.99	LB	zhan	ENSG00000184979.9	USP18	protein_coding
448	RAI17	-3.98	LB	zhan			
449	SMAD1	-3.98	LB	zhan	ENSG00000170365.5	SMAD1	protein_coding
450	MOBKL2A	-13.08	MS	zhan			
451	208657_s_at	-11.36	MS	zhan			
452	41220_at	-9.94	MS	zhan			
453	GPX1	-8.41	MS	zhan	ENSG00000233276.2	GPX1	protein_coding
454	PORIMIN	-8.02	MS	zhan			
455	RHOBTB3	-7.71	MS	zhan	ENSG00000164292.8	RHOBTB3	protein_coding
456	SLC16A6	-6.95	MS	zhan	ENSG00000108932.7	SLC16A6	protein_coding
457	Ells1	-6.44	MS	zhan			
458	SPIN3	-6.31	MS	zhan	ENSG00000204271.6	SPIN3	protein_coding
459	RPS2	-6.25	MS	zhan	ENSG00000140988.11	RPS2	protein_coding
460	ISL2	-6.2	MS	zhan	ENSG00000159556.5	ISL2	protein_coding
461	POLR1D	-6.15	MS	zhan	ENSG00000186184.11	POLR1D	protein_coding
462	HSCARG	-6.14	MS	zhan			
463	TLR10	-6.14	MS	zhan	ENSG00000174123.6	TLR10	protein_coding
464	PAX5	-6.11	MS	zhan	ENSG00000196092.8	PAX5	protein_coding
465	NAPRT1	-6.1	MS	zhan	ENSG00000147813.11	NAPRT1	protein_coding
466	DPP7	-6.07	MS	zhan	ENSG00000176978.9	DPP7	protein_coding
467	NPAT	-6.05	MS	zhan	ENSG00000149308.12	NPAT	protein_coding
468	ARHGEF12	-5.89	MS	zhan	ENSG00000196914.4	ARHGEF12	protein_coding
469	CHD2	-5.81	MS	zhan	ENSG00000173575.14	CHD2	protein_coding
470	SLC35D2	-5.8	MS	zhan	ENSG00000130958.7	SLC35D2	protein_coding
471	ANKRD49	-5.8	MS	zhan	ENSG00000168876.4	ANKRD49	protein_coding
472	MAGEC1	-5.68	MS	zhan	ENSG00000155495.8	MAGEC1	protein_coding
473	238012_at	-5.65	MS	zhan			
474	CHD7	-5.61	MS	zhan	ENSG00000171316.7	CHD7	protein_coding
475	ICAM4	-5.6	MS	zhan			
476	KIAA1704	-5.58	MS	zhan			
477	235764_at	-5.51	MS	zhan			
478	SLC35F2	-5.51	MS	zhan	ENSG00000110660.10	SLC35F2	protein_coding
479	C15orf20	-5.45	MS	zhan			
480	MGC5306	-5.41	MS	zhan			
481	DKFZp586C1924	-5.39	MS	zhan			
482	TKT	-5.36	MS	zhan	ENSG00000163931.11	TKT	protein_coding
483	235124_at	-5.29	MS	zhan			
484	SLC16A6	-5.26	MS	zhan	ENSG00000108932.7	SLC16A6	protein_coding
485	ZDHHC14	-5.21	MS	zhan	ENSG00000175048.12	ZDHHC14	protein_coding
486	LETMD1	-5.21	MS	zhan	ENSG00000050426.11	LETMD1	protein_coding
487	MRPS31	-5.2	MS	zhan	ENSG00000102738.6	MRPS31	protein_coding
488	RP1-32F7.2	-5.17	MS	zhan			
489	ZBTB26	-5.14	MS	zhan	ENSG00000171448.8	ZBTB26	protein_coding
490	OAS3	-5.12	MS	zhan	ENSG00000111331.8	OAS3	protein_coding
491	RPS2	-5.11	MS	zhan	ENSG00000140988.11	RPS2	protein_coding
492	AD031	-5.1	MS	zhan			
493	CLTA	-5.07	MS	zhan	ENSG00000122705.12	CLTA	protein_coding
494	KIAA1826	-5.03	MS	zhan			
495	STK24	-5.03	MS	zhan	ENSG00000102572.10	STK24	protein_coding
496	HSPC138	-5.01	MS	zhan			
497	DHPS	-4.98	MS	zhan	ENSG00000095059.11	DHPS	protein_coding
498	FLJ32810	-4.97	MS	zhan			
499	APOL1	-4.97	MS	zhan	ENSG00000100342.16	APOL1	protein_coding
500	FAM59A	-10.5	HP	zhan			
501	235065_at	-10.35	HP	zhan			
502	230446_at	-9.6	HP	zhan			
503	S100A4	-9.35	HP	zhan	ENSG00000196154.7	S100A4	protein_coding
504	C6orf129	-9.21	HP	zhan			
505	228115_at	-8.92	HP	zhan			
506	NES	-8.91	HP	zhan	ENSG00000132688.10	NES	protein_coding
507	DOCK11	-8.64	HP	zhan	ENSG00000147251.11	DOCK11	protein_coding
508	MYO1B	-8.53	HP	zhan	ENSG00000128641.13	MYO1B	protein_coding
509	C1orf19	-8.5	HP	zhan			
510	MSTO1	-8.22	HP	zhan	ENSG00000125459.10	MSTO1	protein_coding
511	MGC10744	-8.21	HP	zhan			
512	CST3	-7.96	HP	zhan	ENSG00000101439.4	CST3	protein_coding
513	TCFL5	-7.9	HP	zhan	ENSG00000101190.8	TCFL5	protein_coding
514	IRF2BP2	-7.87	HP	zhan	ENSG00000168264.6	IRF2BP2	protein_coding
515	KCNN3	-7.79	HP	zhan	ENSG00000143603.14	KCNN3	protein_coding
516	DEPDC6	-7.71	HP	zhan			
517	EIF4EBP2	-7.66	HP	zhan	ENSG00000148730.6	EIF4EBP2	protein_coding
518	LOC286167	-7.63	HP	zhan			
519	NTAN1	-7.62	HP	zhan	ENSG00000157045.4	NTAN1	protein_coding
520	AGA	-7.62	HP	zhan	ENSG00000038002.4	AGA	protein_coding
521	NANOS1	-7.6	HP	zhan	ENSG00000188613.5	NANOS1	protein_coding
522	TAGLN2	-7.5	HP	zhan	ENSG00000158710.10	TAGLN2	protein_coding
523	C18orf10	-7.45	HP	zhan			
524	DPM3	-7.4	HP	zhan	ENSG00000179085.7	DPM3	protein_coding
525	TP53BP2	-7.36	HP	zhan	ENSG00000143514.12	TP53BP2	protein_coding
526	FAM26B	-7.32	HP	zhan			
527	APBB1IP	-7.26	HP	zhan	ENSG00000077420.11	APBB1IP	protein_coding
528	GBA	-7.26	HP	zhan	ENSG00000177628.11	GBA	protein_coding
529	PLP2	-7.18	HP	zhan	ENSG00000102007.6	PLP2	protein_coding
530	PRSS16	-7.18	HP	zhan	ENSG00000112812.11	PRSS16	protein_coding
531	PKIA	-7.12	HP	zhan	ENSG00000171033.8	PKIA	protein_coding
532	RBMS1	-7.11	HP	zhan	ENSG00000153250.13	RBMS1	protein_coding
533	IL27RA	-7.08	HP	zhan	ENSG00000104998.2	IL27RA	protein_coding
534	CD86	-7.06	HP	zhan	ENSG00000114013.11	CD86	protein_coding
535	PDIA6	-7.04	HP	zhan	ENSG00000143870.8	PDIA6	protein_coding
536	WARS	-7.02	HP	zhan	ENSG00000140105.13	WARS	protein_coding
537	RAPH1	-6.99	HP	zhan	ENSG00000173166.13	RAPH1	protein_coding
538	TIMP1	-6.93	HP	zhan	ENSG00000102265.7	TIMP1	protein_coding
539	LHPP	-6.93	HP	zhan	ENSG00000107902.9	LHPP	protein_coding
540	CD52	-6.92	HP	zhan	ENSG00000169442.4	CD52	protein_coding
541	CKS1B	-6.92	HP	zhan	ENSG00000173207.8	CKS1B	protein_coding
542	CKS1B	-6.92	HP	zhan	ENSG00000268942.1	CKS1B	protein_coding
543	TBCE	-6.91	HP	zhan	ENSG00000116957.8	TBCE	protein_coding
544	OPN3	-6.91	HP	zhan	ENSG00000054277.8	OPN3	protein_coding
545	TEGT	-6.79	HP	zhan			
546	SGPL1	-6.78	HP	zhan	ENSG00000166224.12	SGPL1	protein_coding
547	239066_at	-6.76	HP	zhan			
548	DEK	-6.75	HP	zhan	ENSG00000124795.10	DEK	protein_coding
549	AP1S2	-6.71	HP	zhan	ENSG00000182287.9	AP1S2	protein_coding
550	DNAJC12	-6.71	HP	zhan	ENSG00000108176.10	DNAJC12	protein_coding
551	CNTN4	-6.6	CD-1	zhan	ENSG00000144619.10	CNTN4	protein_coding
552	FUT8	-6.47	CD-1	zhan	ENSG00000033170.12	FUT8	protein_coding
553	FLJ34922	-5.72	CD-1	zhan			
554	CD59	-5.59	CD-1	zhan	ENSG00000085063.10	CD59	protein_coding
555	LAX1	-5.54	CD-1	zhan	ENSG00000122188.8	LAX1	protein_coding
556	230650_at	-5.49	CD-1	zhan			
557	SCAMP5	-5.45	CD-1	zhan	ENSG00000198794.7	SCAMP5	protein_coding
558	NS3TP2	-5.37	CD-1	zhan			
559	GATM	-5.28	CD-1	zhan	ENSG00000171766.11	GATM	protein_coding
560	CXXC5	-5.24	CD-1	zhan	ENSG00000171604.7	CXXC5	protein_coding
561	NOTCH2NL	-5.2	CD-1	zhan	ENSG00000213240.7	NOTCH2NL	protein_coding
562	UCP2	-5.12	CD-1	zhan	ENSG00000175567.4	UCP2	protein_coding
563	TENS1	-5.11	CD-1	zhan			
564	ITPR3	-5.11	CD-1	zhan	ENSG00000096433.6	ITPR3	protein_coding
565	PRKD3	-5.03	CD-1	zhan	ENSG00000115825.5	PRKD3	protein_coding
566	UNC93B1	-4.98	CD-1	zhan	ENSG00000110057.3	UNC93B1	protein_coding
567	BCL2L1	-4.85	CD-1	zhan	ENSG00000171552.8	BCL2L1	protein_coding
568	DOK3	-4.79	CD-1	zhan	ENSG00000146094.9	DOK3	protein_coding
569	HES1	-4.76	CD-1	zhan	ENSG00000114315.3	HES1	protein_coding
570	SNF1LK	-4.76	CD-1	zhan			
571	FAM63B	-4.73	CD-1	zhan	ENSG00000128923.6	FAM63B	protein_coding
572	CKLFSF4	-4.67	CD-1	zhan			
573	F11R	-4.58	CD-1	zhan	ENSG00000158769.13	F11R	protein_coding
574	SPINT1	-4.48	CD-1	zhan	ENSG00000166145.10	SPINT1	protein_coding
575	ABHD6	-4.47	CD-1	zhan	ENSG00000163686.9	ABHD6	protein_coding
576	ST6GAL1	-4.46	CD-1	zhan	ENSG00000073849.10	ST6GAL1	protein_coding
577	243699_at	-4.4	CD-1	zhan			
578	MCP	-4.38	CD-1	zhan			
579	PRKCD	-4.38	CD-1	zhan	ENSG00000163932.9	PRKCD	protein_coding
580	TRAM2	-4.35	CD-1	zhan	ENSG00000065308.4	TRAM2	protein_coding
581	CPEB4	-4.35	CD-1	zhan	ENSG00000113742.8	CPEB4	protein_coding
582	1558819_at	-4.34	CD-1	zhan			
583	ADAM19	-4.32	CD-1	zhan	ENSG00000135074.11	ADAM19	protein_coding
584	RAB3B	-4.3	CD-1	zhan	ENSG00000169213.6	RAB3B	protein_coding
585	ECHDC2	-4.27	CD-1	zhan	ENSG00000121310.12	ECHDC2	protein_coding
586	STARD5	-4.27	CD-1	zhan	ENSG00000172345.9	STARD5	protein_coding
587	ATP6AP1	-4.27	CD-1	zhan	ENSG00000071553.12	ATP6AP1	protein_coding
588	BHLHB3	-4.22	CD-1	zhan			
589	CPNE5	-4.19	CD-1	zhan	ENSG00000124772.7	CPNE5	protein_coding
590	C1orf115	-4.17	CD-1	zhan	ENSG00000162817.6	C1orf115	protein_coding
591	KIAA1164	-4.16	CD-1	zhan			
592	FLI1	-4.14	CD-1	zhan	ENSG00000151702.12	FLI1	protein_coding
593	UGCG	-4.14	CD-1	zhan	ENSG00000148154.5	UGCG	protein_coding
594	CLIC2	-4.14	CD-1	zhan	ENSG00000155962.8	CLIC2	protein_coding
595	231399_at	-4.06	CD-1	zhan			
596	RAB3IP	-4.04	CD-1	zhan	ENSG00000127328.17	RAB3IP	protein_coding
597	SMURF1	-4.03	CD-1	zhan	ENSG00000198742.5	SMURF1	protein_coding
598	236986_at	-3.98	CD-1	zhan			
599	KIAA0040	-3.96	CD-1	zhan	ENSG00000235750.5	KIAA0040	protein_coding
600	KENAE	-3.95	CD-1	zhan			
601	SORD	-7.3	CD-2	zhan	ENSG00000140263.9	SORD	protein_coding
602	LDHA	-7.11	CD-2	zhan	ENSG00000134333.9	LDHA	protein_coding
603	RRAGD	-7.02	CD-2	zhan	ENSG00000025039.10	RRAGD	protein_coding
604	GPRC5D	-6.85	CD-2	zhan	ENSG00000111291.4	GPRC5D	protein_coding
605	HIST1H1C	-6.36	CD-2	zhan	ENSG00000187837.2	HIST1H1C	protein_coding
606	C1orf53	-6.28	CD-2	zhan	ENSG00000203724.6	C1orf53	protein_coding
607	HRASLS3	-6.25	CD-2	zhan			
608	FABP5	-6.25	CD-2	zhan	ENSG00000164687.6	FABP5	protein_coding
609	MSRB3	-6.23	CD-2	zhan	ENSG00000174099.6	MSRB3	protein_coding
610	TXNDC11	-5.91	CD-2	zhan	ENSG00000153066.8	TXNDC11	protein_coding
611	DSU	-5.91	CD-2	zhan			
612	MCC	-5.82	CD-2	zhan	ENSG00000171444.13	MCC	protein_coding
613	JAK3	-5.73	CD-2	zhan	ENSG00000105639.14	JAK3	protein_coding
614	OSBPL3	-5.71	CD-2	zhan	ENSG00000070882.8	OSBPL3	protein_coding
615	LOC494143	-5.71	CD-2	zhan			
616	PPA1	-5.56	CD-2	zhan	ENSG00000180817.7	PPA1	protein_coding
617	238718_at	-5.45	CD-2	zhan			
618	1556194_a_at	-5.45	CD-2	zhan			
619	NEDD4	-5.42	CD-2	zhan	ENSG00000069869.11	NEDD4	protein_coding
620	GJB2	-5.38	CD-2	zhan	ENSG00000165474.5	GJB2	protein_coding
621	POLR3G	-5.27	CD-2	zhan	ENSG00000113356.6	POLR3G	protein_coding
622	AVEN	-5.19	CD-2	zhan	ENSG00000169857.3	AVEN	protein_coding
623	MFNG	-5.17	CD-2	zhan	ENSG00000100060.13	MFNG	protein_coding
624	242181_at	-5.15	CD-2	zhan			
625	HN1	-5.12	CD-2	zhan	ENSG00000189159.11	HN1	protein_coding
626	HMGA1	-5.07	CD-2	zhan	ENSG00000137309.15	HMGA1	protein_coding
627	PFKFB2	-5.06	CD-2	zhan	ENSG00000123836.10	PFKFB2	protein_coding
628	HK2	-5.06	CD-2	zhan	ENSG00000159399.5	HK2	protein_coding
629	BOP1	-5.03	CD-2	zhan	ENSG00000170727.7	BOP1	protein_coding
630	CR2	-5.01	CD-2	zhan	ENSG00000117322.12	CR2	protein_coding
631	USP45	-5.0	CD-2	zhan	ENSG00000123552.13	USP45	protein_coding
632	GPR37	-4.94	CD-2	zhan	ENSG00000170775.2	GPR37	protein_coding
633	ANXA2	-4.91	CD-2	zhan	ENSG00000182718.12	ANXA2	protein_coding
634	MRPS30	-4.89	CD-2	zhan	ENSG00000112996.5	MRPS30	protein_coding
635	ZNF593	-4.87	CD-2	zhan	ENSG00000142684.7	ZNF593	protein_coding
636	TDO2	-4.87	CD-2	zhan	ENSG00000151790.4	TDO2	protein_coding
637	LATS2	-4.86	CD-2	zhan	ENSG00000150457.7	LATS2	protein_coding
638	FASN	-4.82	CD-2	zhan	ENSG00000169710.6	FASN	protein_coding
639	NFIA	-4.79	CD-2	zhan	ENSG00000162599.11	NFIA	protein_coding
640	PAQR6	-4.78	CD-2	zhan	ENSG00000160781.11	PAQR6	protein_coding
641	UCK2	-4.78	CD-2	zhan	ENSG00000143179.8	UCK2	protein_coding
642	PRICKLE2	-4.77	CD-2	zhan	ENSG00000163637.7	PRICKLE2	protein_coding
643	CTMP	-4.76	CD-2	zhan			
644	BZW2	-4.75	CD-2	zhan	ENSG00000136261.10	BZW2	protein_coding
645	POLR2H	-4.74	CD-2	zhan	ENSG00000163882.5	POLR2H	protein_coding
646	230766_at	-4.74	CD-2	zhan			
647	MDSRP	-4.73	CD-2	zhan			
648	TXN	-4.67	CD-2	zhan	ENSG00000136810.8	TXN	protein_coding
649	C10orf38	-4.66	CD-2	zhan			
650	LOC151963	-4.62	CD-2	zhan			
651	TNFAIP8	-9.24	MF	zhan	ENSG00000145779.7	TNFAIP8	protein_coding
652	PRKCA	-8.84	MF	zhan	ENSG00000154229.7	PRKCA	protein_coding
653	GLCCI1	-8.49	MF	zhan	ENSG00000106415.8	GLCCI1	protein_coding
654	RAPGEF2	-8.16	MF	zhan	ENSG00000109756.4	RAPGEF2	protein_coding
655	PDZRN4	-8.16	MF	zhan	ENSG00000165966.10	PDZRN4	protein_coding
656	229814_at	-7.77	MF	zhan			
657	PTCH	-7.28	MF	zhan			
658	MOXD1	-7.08	MF	zhan	ENSG00000079931.10	MOXD1	protein_coding
659	ESRRG	-6.93	MF	zhan	ENSG00000196482.12	ESRRG	protein_coding
660	CHST11	-6.82	MF	zhan	ENSG00000171310.6	CHST11	protein_coding
661	STXBP6	-6.79	MF	zhan	ENSG00000168952.11	STXBP6	protein_coding
662	1559170_at	-6.53	MF	zhan			
663	NRG3	-6.36	MF	zhan	ENSG00000185737.8	NRG3	protein_coding
664	RGC32	-6.23	MF	zhan			
665	LOC145842	-6.07	MF	zhan			
666	AMIGO2	-6.06	MF	zhan	ENSG00000139211.5	AMIGO2	protein_coding
667	LBA1	-6.05	MF	zhan			
668	ZNF275	-6.03	MF	zhan	ENSG00000063587.12	ZNF275	protein_coding
669	LYRIC	-5.91	MF	zhan			
670	CREB3L2	-5.88	MF	zhan	ENSG00000182158.10	CREB3L2	protein_coding
671	1569237_at	-5.85	MF	zhan			
672	KM-HN-1	-5.84	MF	zhan			
673	MRS2L	-5.83	MF	zhan			
674	SYNGR1	-5.82	MF	zhan	ENSG00000100321.10	SYNGR1	protein_coding
675	FAM3C	-5.76	MF	zhan	ENSG00000196937.6	FAM3C	protein_coding
676	DOCK9	-5.57	MF	zhan	ENSG00000088387.13	DOCK9	protein_coding
677	1569040_s_at	-5.54	MF	zhan			
678	LOC283070	-5.46	MF	zhan			
679	SLC22A15	-5.45	MF	zhan	ENSG00000163393.8	SLC22A15	protein_coding
680	BRSK1	-5.26	MF	zhan	ENSG00000160469.12	BRSK1	protein_coding
681	DKK1	-5.26	MF	zhan	ENSG00000107984.5	DKK1	protein_coding
682	235798_at	-5.25	MF	zhan			
683	SLC12A8	-5.24	MF	zhan	ENSG00000221955.6	SLC12A8	protein_coding
684	STRBP	-5.24	MF	zhan	ENSG00000165209.14	STRBP	protein_coding
685	ARMC2	-5.15	MF	zhan	ENSG00000118690.8	ARMC2	protein_coding
686	KLHDC5	-5.13	MF	zhan			
687	MTDH	-5.13	MF	zhan	ENSG00000147649.5	MTDH	protein_coding
688	ALDH2	-5.13	MF	zhan	ENSG00000111275.8	ALDH2	protein_coding
689	243179_at	-5.1	MF	zhan			
690	239344_at	-5.1	MF	zhan			
691	MOBKL1A	-5.01	MF	zhan			
692	RAD17	-4.98	MF	zhan	ENSG00000152942.14	RAD17	protein_coding
693	1559822_s_at	-4.97	MF	zhan			
694	CAMK1D	-4.95	MF	zhan	ENSG00000183049.8	CAMK1D	protein_coding
695	RNF24	-4.94	MF	zhan	ENSG00000101236.12	RNF24	protein_coding
696	ITSN1	-4.92	MF	zhan	ENSG00000205726.9	ITSN1	protein_coding
697	ZNF291	-4.91	MF	zhan			
698	ENAH	-4.89	MF	zhan	ENSG00000154380.12	ENAH	protein_coding
699	FLJ31166	-4.85	MF	zhan			
700	TLOC1	-4.83	MF	zhan			
701	CCND1	78.42764050000001	CD-2	sonnevald	ENSG00000110092.3	CCND1	protein_coding
702	MS4A1	52.2039943	CD-2	sonnevald	ENSG00000156738.13	MS4A1	protein_coding
703	CCND1	34.838874100000005	CD-2	sonnevald	ENSG00000110092.3	CCND1	protein_coding
704	KCNMB2	21.043972	CD-2	sonnevald	ENSG00000197584.7	KCNMB2	protein_coding
705	SLC8A1	17.5709229	CD-2	sonnevald	ENSG00000183023.14	SLC8A1	protein_coding
706	VPREB3	13.6401139	CD-2	sonnevald	ENSG00000128218.7	VPREB3	protein_coding
707	MS4A1	13.4928807	CD-2	sonnevald	ENSG00000156738.13	MS4A1	protein_coding
708	MS4A1	13.157573999999999	CD-2	sonnevald	ENSG00000156738.13	MS4A1	protein_coding
709	PHLDA1	12.807313800000001	CD-2	sonnevald	ENSG00000139289.9	PHLDA1	protein_coding
710	MS4A1	11.312242900000001	CD-2	sonnevald	ENSG00000156738.13	MS4A1	protein_coding
711	PHLDA1	11.0101761	CD-2	sonnevald	ENSG00000139289.9	PHLDA1	protein_coding
712	KCNMB2	10.4014366	CD-2	sonnevald	ENSG00000197584.7	KCNMB2	protein_coding
713	FGD4	10.286100300000001	CD-2	sonnevald	ENSG00000139132.10	FGD4	protein_coding
714	ANK3	9.5792605	CD-2	sonnevald	ENSG00000151150.16	ANK3	protein_coding
715	FCRL3	9.5647438	CD-2	sonnevald	ENSG00000160856.16	FCRL3	protein_coding
716	SORT1	9.1165965	CD-2	sonnevald	ENSG00000134243.7	SORT1	protein_coding
717	SORT1	7.6209505	CD-2	sonnevald	ENSG00000134243.7	SORT1	protein_coding
718	FCRLB	7.352825599999999	CD-2	sonnevald	ENSG00000162746.10	FCRLB	protein_coding
719	LAPTM5	7.2060784	CD-2	sonnevald	ENSG00000162511.7	LAPTM5	protein_coding
720	PHLDA1	7.1937727	CD-2	sonnevald	ENSG00000139289.9	PHLDA1	protein_coding
721	CD27	6.9435366	CD-2	sonnevald	ENSG00000139193.3	CD27	protein_coding
722	CD79A	6.199152	CD-2	sonnevald	ENSG00000105369.5	CD79A	protein_coding
723	MARCKS	5.9982805	CD-2	sonnevald	ENSG00000155130.5	MARCKS	protein_coding
724	NLGN4X	5.9006154	CD-2	sonnevald	ENSG00000146938.10	NLGN4X	protein_coding
725	BANK1	5.7004890999999995	CD-2	sonnevald	ENSG00000153064.7	BANK1	protein_coding
726	RGS13	5.685101	CD-2	sonnevald	ENSG00000127074.10	RGS13	protein_coding
727	LOC653506	5.2431675	CD-2	sonnevald			
728	METRNL	5.2431675	CD-2	sonnevald	ENSG00000176845.8	METRNL	protein_coding
729	RPS6KC1	5.2024057	CD-2	sonnevald	ENSG00000136643.7	RPS6KC1	protein_coding
730	RNF144B	5.128729900000001	CD-2	sonnevald	ENSG00000137393.8	RNF144B	protein_coding
731	BANK1	5.107167400000001	CD-2	sonnevald	ENSG00000153064.7	BANK1	protein_coding
732	PLD4	5.0542643	CD-2	sonnevald	ENSG00000166428.8	PLD4	protein_coding
733	FCRL2	5.0245574	CD-2	sonnevald	ENSG00000132704.11	FCRL2	protein_coding
734	ADAM28	4.9568349000000005	CD-2	sonnevald	ENSG00000042980.8	ADAM28	protein_coding
735	RAPH1	4.8423677000000005	CD-2	sonnevald	ENSG00000173166.13	RAPH1	protein_coding
736	NT5DC2	4.8018925	CD-2	sonnevald	ENSG00000168268.6	NT5DC2	protein_coding
737	FBP1	4.7919021	CD-2	sonnevald	ENSG00000165140.5	FBP1	protein_coding
738	NFIB	4.6989729	CD-2	sonnevald	ENSG00000147862.10	NFIB	protein_coding
739	BTG1	4.6911718	CD-2	sonnevald	ENSG00000133639.3	BTG1	protein_coding
740	CYorf15A	4.6554705	CD-2	sonnevald			
741	CTHRC1	4.5350029	CD-2	sonnevald	ENSG00000164932.8	CTHRC1	protein_coding
742	PLXNB2	4.4799265	CD-2	sonnevald	ENSG00000196576.10	PLXNB2	protein_coding
743	NFIB	4.4725724	CD-2	sonnevald	ENSG00000147862.10	NFIB	protein_coding
744	DAAM1	4.3487021	CD-2	sonnevald	ENSG00000100592.11	DAAM1	protein_coding
745	LPHN2	4.342277200000001	CD-2	sonnevald	ENSG00000117114.15	LPHN2	protein_coding
746	SHISA2	29.084021399999997	CD-1	sonnevald	ENSG00000180730.4	SHISA2	protein_coding
747	MACROD2	17.7682928	CD-1	sonnevald	ENSG00000172264.12	MACROD2	protein_coding
748	INHBE	13.9727009	CD-1	sonnevald	ENSG00000139269.2	INHBE	protein_coding
749	P2RY5	12.5185357	CD-1	sonnevald			
750	FCER2	12.1703581	CD-1	sonnevald	ENSG00000104921.10	FCER2	protein_coding
751	ASS1	11.1372309	CD-1	sonnevald	ENSG00000130707.13	ASS1	protein_coding
752	KCNMB2	11.0660972	CD-1	sonnevald	ENSG00000197584.7	KCNMB2	protein_coding
753	FCER2	9.7837949	CD-1	sonnevald	ENSG00000104921.10	FCER2	protein_coding
754	ETV1	9.3327344	CD-1	sonnevald	ENSG00000006468.9	ETV1	protein_coding
755	BCAT1	8.8264329	CD-1	sonnevald	ENSG00000060982.10	BCAT1	protein_coding
756	MKX	8.6314469	CD-1	sonnevald	ENSG00000150051.9	MKX	protein_coding
757	CTH	8.0986006	CD-1	sonnevald	ENSG00000116761.7	CTH	protein_coding
758	TMC6	8.0832209	CD-1	sonnevald	ENSG00000141524.11	TMC6	protein_coding
759	RRAS2	8.0766489	CD-1	sonnevald	ENSG00000133818.8	RRAS2	protein_coding
760	BANK1	7.9280158	CD-1	sonnevald	ENSG00000153064.7	BANK1	protein_coding
761	SLC7A11	7.5599517999999994	CD-1	sonnevald	ENSG00000151012.9	SLC7A11	protein_coding
762	BANK1	7.248089299999999	CD-1	sonnevald	ENSG00000153064.7	BANK1	protein_coding
763	CCND1	6.9908779999999995	CD-1	sonnevald	ENSG00000110092.3	CCND1	protein_coding
764	BCAT1	6.912789200000001	CD-1	sonnevald	ENSG00000060982.10	BCAT1	protein_coding
765	FAM84B	6.8929213	CD-1	sonnevald	ENSG00000168672.3	FAM84B	protein_coding
766	KCNMB2	6.6986946	CD-1	sonnevald	ENSG00000197584.7	KCNMB2	protein_coding
767	NID2	6.6331095	CD-1	sonnevald	ENSG00000087303.12	NID2	protein_coding
768	CD99	6.452637999999999	CD-1	sonnevald	ENSG00000002586.13	CD99	protein_coding
769	LASS6	6.4292676	CD-1	sonnevald			
770	FERMT2	5.9474922999999995	CD-1	sonnevald	ENSG00000073712.9	FERMT2	protein_coding
771	TM6SF1	5.317624299999999	CD-1	sonnevald	ENSG00000136404.11	TM6SF1	protein_coding
772	LOC162073	5.1958074	CD-1	sonnevald			
773	BATF3	5.094317500000001	CD-1	sonnevald	ENSG00000123685.4	BATF3	protein_coding
774	WARS	4.876006299999999	CD-1	sonnevald	ENSG00000140105.13	WARS	protein_coding
775	CLEC2D	4.8556175999999995	CD-1	sonnevald	ENSG00000069493.10	CLEC2D	protein_coding
776	G0S2	4.7576696	CD-1	sonnevald	ENSG00000123689.5	G0S2	protein_coding
777	ALCAM	4.6085987	CD-1	sonnevald	ENSG00000170017.8	ALCAM	protein_coding
778	CHAC1	4.3828104	CD-1	sonnevald	ENSG00000128965.7	CHAC1	protein_coding
779	RFTN1	4.3470377000000004	CD-1	sonnevald	ENSG00000131378.9	RFTN1	protein_coding
780	NET1	4.3198715	CD-1	sonnevald	ENSG00000173848.14	NET1	protein_coding
781	IRAK2	4.2447341	CD-1	sonnevald	ENSG00000134070.4	IRAK2	protein_coding
782	MDK	4.2435377999999995	CD-1	sonnevald	ENSG00000110492.11	MDK	protein_coding
783	STS	4.2069592	CD-1	sonnevald	ENSG00000101846.6	STS	protein_coding
784	LOC653506	4.1984487999999995	CD-1	sonnevald			
785	METRNL	4.1984487999999995	CD-1	sonnevald	ENSG00000176845.8	METRNL	protein_coding
786	SNX9	4.097767500000001	CD-1	sonnevald	ENSG00000130340.10	SNX9	protein_coding
787	LY6E	4.0278623	CD-1	sonnevald	ENSG00000160932.6	LY6E	protein_coding
788	CD19	3.9781193999999998	CD-1	sonnevald	ENSG00000177455.7	CD19	protein_coding
789	VLDLR	3.9014691	CD-1	sonnevald	ENSG00000147852.11	VLDLR	protein_coding
790	BTBD14A	3.8732897000000004	CD-1	sonnevald			
791	HIST1H2BG	7.5860085999999995	CTA	sonnevald	ENSG00000187990.4	HIST1H2BG	protein_coding
792	GINS1	5.0105699999999995	CTA	sonnevald	ENSG00000101003.8	GINS1	protein_coding
793	DUT	4.9418003	CTA	sonnevald	ENSG00000128951.9	DUT	protein_coding
794	hCG_1815491	4.7852973	CTA	sonnevald			
795	MTHFD2L	4.5778404	CTA	sonnevald	ENSG00000163738.14	MTHFD2L	protein_coding
796	HBB	4.5699515	CTA	sonnevald	ENSG00000244734.2	HBB	protein_coding
797	HBD	4.5699515	CTA	sonnevald	ENSG00000223609.3	HBD	protein_coding
798	PHF19	4.553847	CTA	sonnevald	ENSG00000119403.9	PHF19	protein_coding
799	MEST	4.4506308	CTA	sonnevald	ENSG00000106484.10	MEST	protein_coding
800	CDC2	4.2172395	CTA	sonnevald			
801	hCG_1815491	4.1598792	CTA	sonnevald			
802	MAGEA3	4.0687215	CTA	sonnevald	ENSG00000221867.4	MAGEA3	protein_coding
803	BIRC5	3.9993966	CTA	sonnevald	ENSG00000089685.10	BIRC5	protein_coding
804	CTNNB1	3.8005161	CTA	sonnevald	ENSG00000168036.12	CTNNB1	protein_coding
805	HTATIP2	3.7342258999999998	CTA	sonnevald	ENSG00000109854.9	HTATIP2	protein_coding
806	TMEM17	3.6973203999999997	CTA	sonnevald	ENSG00000186889.5	TMEM17	protein_coding
807	TXNDC10	3.697049	CTA	sonnevald			
808	MAGEA6	3.6405312000000007	CTA	sonnevald	ENSG00000197172.6	MAGEA6	protein_coding
809	PXMP2	3.5563419	CTA	sonnevald	ENSG00000176894.5	PXMP2	protein_coding
810	CDC42	3.5482257000000006	CTA	sonnevald	ENSG00000070831.11	CDC42	protein_coding
811	ST3GAL6	3.5439894	CTA	sonnevald	ENSG00000064225.8	ST3GAL6	protein_coding
812	FCRLA	3.5272275	CTA	sonnevald	ENSG00000132185.12	FCRLA	protein_coding
813	KIAA0101	3.5019522000000003	CTA	sonnevald	ENSG00000166803.6	KIAA0101	protein_coding
814	TMEM107	3.4795597999999996	CTA	sonnevald	ENSG00000179029.10	TMEM107	protein_coding
815	TDO2	3.4157733	CTA	sonnevald	ENSG00000151790.4	TDO2	protein_coding
816	PRPS2	3.3816812999999994	CTA	sonnevald	ENSG00000101911.8	PRPS2	protein_coding
817	ST3GAL6	3.3617016000000004	CTA	sonnevald	ENSG00000064225.8	ST3GAL6	protein_coding
818	PBK	3.3223955999999997	CTA	sonnevald	ENSG00000168078.5	PBK	protein_coding
819	ITM2A	3.2664169	CTA	sonnevald	ENSG00000078596.6	ITM2A	protein_coding
820	MAGEA12	3.2145532	CTA	sonnevald	ENSG00000213401.4	MAGEA12	protein_coding
821	RRM2	3.192072	CTA	sonnevald	ENSG00000171848.9	RRM2	protein_coding
822	TM2D3	3.172405	CTA	sonnevald	ENSG00000184277.8	TM2D3	protein_coding
823	ACP5	3.1678655	CTA	sonnevald	ENSG00000102575.6	ACP5	protein_coding
824	ISG15	3.1533071	CTA	sonnevald	ENSG00000187608.5	ISG15	protein_coding
825	TM7SF3	3.1336834	CTA	sonnevald	ENSG00000064115.6	TM7SF3	protein_coding
826	CDKN2C	3.1259391	CTA	sonnevald	ENSG00000123080.6	CDKN2C	protein_coding
827	PAGE1	3.1211537	CTA	sonnevald	ENSG00000068985.4	PAGE1	protein_coding
828	PTTG1	3.0950778999999997	CTA	sonnevald	ENSG00000164611.8	PTTG1	protein_coding
829	Multiple Gene Symbols	3.0802509999999996	CTA	sonnevald			
830	OCC-1	3.0731843	CTA	sonnevald			
831	PKIG	3.0182192000000003	CTA	sonnevald	ENSG00000168734.9	PKIG	protein_coding
832	TMEM22	2.9725991	CTA	sonnevald			
833	GAGE12F	2.9381906000000004	CTA	sonnevald	ENSG00000236362.5	GAGE12F	protein_coding
834	GAGE12G	2.9381906000000004	CTA	sonnevald	ENSG00000215269.5	GAGE12G	protein_coding
835	GAGE12I	2.9381906000000004	CTA	sonnevald	ENSG00000241465.2	GAGE12I	protein_coding
836	GAGE12J	2.9381906000000004	CTA	sonnevald	ENSG00000224659.2	GAGE12J	protein_coding
837	GAGE7	2.9381906000000004	CTA	sonnevald			
838	ID2	2.9358880000000003	CTA	sonnevald	ENSG00000115738.5	ID2	protein_coding
839	ID2B	2.9358880000000003	CTA	sonnevald			
840	E2F2	2.9337317	CTA	sonnevald	ENSG00000007968.6	E2F2	protein_coding
841	C9orf40	2.9187609	CTA	sonnevald	ENSG00000135045.6	C9orf40	protein_coding
842	TSPAN6	2.9158839	CTA	sonnevald	ENSG00000000003.10	TSPAN6	protein_coding
843	CDC42	19.1741492	NFkB	sonnevald	ENSG00000070831.11	CDC42	protein_coding
844	TNFAIP3	11.727246699999998	NFkB	sonnevald	ENSG00000118503.10	TNFAIP3	protein_coding
845	COBLL1	10.866427499999999	NFkB	sonnevald	ENSG00000082438.11	COBLL1	protein_coding
846	BCL10	10.196957300000001	NFkB	sonnevald	ENSG00000142867.8	BCL10	protein_coding
847	ATXN1	9.519591499999999	NFkB	sonnevald	ENSG00000124788.13	ATXN1	protein_coding
848	EZR	8.624969	NFkB	sonnevald	ENSG00000092820.13	EZR	protein_coding
849	LOC100133660	8.5686479	NFkB	sonnevald			
850	C5orf41	8.050381100000001	NFkB	sonnevald			
851	EPC1	7.964979799999999	NFkB	sonnevald	ENSG00000120616.11	EPC1	protein_coding
852	TAGAP	7.8375107999999996	NFkB	sonnevald	ENSG00000164691.12	TAGAP	protein_coding
853	MAFF	7.743011999999999	NFkB	sonnevald	ENSG00000185022.7	MAFF	protein_coding
854	C6orf62	7.313185000000001	NFkB	sonnevald	ENSG00000112308.8	C6orf62	protein_coding
855	IL8	7.0146118	NFkB	sonnevald	ENSG00000169429.6	IL8	protein_coding
856	TUBB2A	6.9238087	NFkB	sonnevald	ENSG00000137267.5	TUBB2A	protein_coding
857	BTG1	6.771261	NFkB	sonnevald	ENSG00000133639.3	BTG1	protein_coding
858	GADD45B	6.5972341	NFkB	sonnevald	ENSG00000099860.4	GADD45B	protein_coding
859	MBNL1	6.4750914	NFkB	sonnevald	ENSG00000152601.13	MBNL1	protein_coding
860	FAM100B	6.2529199	NFkB	sonnevald			
861	KLF9	6.1472233	NFkB	sonnevald	ENSG00000119138.3	KLF9	protein_coding
862	GADD45B	6.141644400000001	NFkB	sonnevald	ENSG00000099860.4	GADD45B	protein_coding
863	NFKBIE	6.1101887999999995	NFkB	sonnevald	ENSG00000146232.10	NFKBIE	protein_coding
864	GADD45B	5.6392413	NFkB	sonnevald	ENSG00000099860.4	GADD45B	protein_coding
865	NDUFA10	5.5896558	NFkB	sonnevald	ENSG00000130414.7	NDUFA10	protein_coding
866	KLF9	5.4621399	NFkB	sonnevald	ENSG00000119138.3	KLF9	protein_coding
867	CDC42	5.3599989	NFkB	sonnevald	ENSG00000070831.11	CDC42	protein_coding
868	PCIF1	5.32373	NFkB	sonnevald	ENSG00000100982.7	PCIF1	protein_coding
869	CCL3	4.882201	NFkB	sonnevald	ENSG00000006075.11	CCL3	protein_coding
870	CCL3L1	4.882201	NFkB	sonnevald	ENSG00000205021.9	CCL3L1	protein_coding
871	CCL3L3	4.882201	NFkB	sonnevald	ENSG00000256515.3	CCL3L3	protein_coding
872	LOC728830	4.882201	NFkB	sonnevald			
873	CNR1	4.8417002	NFkB	sonnevald	ENSG00000118432.11	CNR1	protein_coding
874	SPTBN1	4.648256	NFkB	sonnevald	ENSG00000115306.11	SPTBN1	protein_coding
875	LOC100129592	4.537750599999999	NFkB	sonnevald			
876	PTP4A1	4.4241815	NFkB	sonnevald	ENSG00000112245.6	PTP4A1	protein_coding
877	RAB11FIP1	4.358631099999999	NFkB	sonnevald	ENSG00000156675.11	RAB11FIP1	protein_coding
878	KLF6	4.2914193	NFkB	sonnevald	ENSG00000067082.10	KLF6	protein_coding
879	EDNRB	4.2578515999999995	NFkB	sonnevald	ENSG00000136160.10	EDNRB	protein_coding
880	KLF6	4.197470099999999	NFkB	sonnevald	ENSG00000067082.10	KLF6	protein_coding
881	UNC84A	4.1635796	NFkB	sonnevald			
882	RIPK2	4.1627127	NFkB	sonnevald	ENSG00000104312.6	RIPK2	protein_coding
883	EHD4	4.1141438	NFkB	sonnevald	ENSG00000103966.5	EHD4	protein_coding
884	KLF11	4.081771499999999	NFkB	sonnevald	ENSG00000172059.6	KLF11	protein_coding
885	MAFF	3.8058852	NFkB	sonnevald	ENSG00000185022.7	MAFF	protein_coding
886	MIRN155	3.7320615	NFkB	sonnevald			
887	LMNA	3.7213682	NFkB	sonnevald	ENSG00000160789.15	LMNA	protein_coding
888	GBA3	8.2801475	HP	sonnevald	ENSG00000249948.2	GBA3	protein_coding
889	GBA3	5.7782249000000006	HP	sonnevald	ENSG00000249948.2	GBA3	protein_coding
890	C20orf103	5.149568799999999	HP	sonnevald			
891	IFIT1	5.0774957	HP	sonnevald	ENSG00000185745.8	IFIT1	protein_coding
892	TNFSF10	5.006027	HP	sonnevald	ENSG00000121858.6	TNFSF10	protein_coding
893	TNFSF10	4.8029347	HP	sonnevald	ENSG00000121858.6	TNFSF10	protein_coding
894	NCAM1	4.5691265	HP	sonnevald	ENSG00000149294.12	NCAM1	protein_coding
895	KIT	4.5519212	HP	sonnevald	ENSG00000157404.11	KIT	protein_coding
896	TNFSF10	4.4913903	HP	sonnevald	ENSG00000121858.6	TNFSF10	protein_coding
897	MAGEC1	4.4300864	HP	sonnevald	ENSG00000155495.8	MAGEC1	protein_coding
898	FAM13A1	4.0112699	HP	sonnevald			
899	CCRL2	3.952548	HP	sonnevald	ENSG00000121797.9	CCRL2	protein_coding
900	LOC727811	3.952548	HP	sonnevald			
901	EFEMP1	3.9117192000000003	HP	sonnevald	ENSG00000115380.14	EFEMP1	protein_coding
902	LOC387763	3.8992723	HP	sonnevald			
903	TRAT1	3.7609071000000003	HP	sonnevald	ENSG00000163519.9	TRAT1	protein_coding
904	CCDC85A	3.5455753	HP	sonnevald	ENSG00000055813.5	CCDC85A	protein_coding
905	WNT5A	3.5434318	HP	sonnevald	ENSG00000114251.9	WNT5A	protein_coding
906	FRZB	3.5129623	HP	sonnevald	ENSG00000162998.4	FRZB	protein_coding
907	SULF2	3.4387165	HP	sonnevald	ENSG00000196562.10	SULF2	protein_coding
908	RSAD2	3.4296900000000003	HP	sonnevald	ENSG00000134321.7	RSAD2	protein_coding
909	FRZB	3.4203256	HP	sonnevald	ENSG00000162998.4	FRZB	protein_coding
910	DKK1	3.3830818	HP	sonnevald	ENSG00000107984.5	DKK1	protein_coding
911	MAGI2	3.3713562000000006	HP	sonnevald	ENSG00000187391.13	MAGI2	protein_coding
912	RELN	3.3230968	HP	sonnevald	ENSG00000189056.9	RELN	protein_coding
913	IFIT3	3.3017814	HP	sonnevald	ENSG00000119917.9	IFIT3	protein_coding
914	CCR2	3.2125464	HP	sonnevald	ENSG00000121807.5	CCR2	protein_coding
915	FLJ78302	3.2125464	HP	sonnevald			
916	EPHB1	3.0954632	HP	sonnevald	ENSG00000154928.12	EPHB1	protein_coding
917	RPL37	3.0904001	HP	sonnevald	ENSG00000145592.9	RPL37	protein_coding
918	COL4A5	3.083484	HP	sonnevald	ENSG00000188153.8	COL4A5	protein_coding
919	COL4A6	3.0114391	HP	sonnevald	ENSG00000197565.11	COL4A6	protein_coding
920	IGK@	2.9428321	HP	sonnevald			
921	IGKC	2.9428321	HP	sonnevald	ENSG00000211592.2	IGKC	protein_coding
922	IGKV3-20	2.9428321	HP	sonnevald	ENSG00000239951.1	IGKV3-20	protein_coding
923	IGKV3D-11	2.9428321	HP	sonnevald	ENSG00000211632.2	IGKV3D-11	protein_coding
924	IGKV3D-15	2.9428321	HP	sonnevald	ENSG00000224041.2	IGKV3D-15	protein_coding
925	XAF1	2.9098511	HP	sonnevald	ENSG00000132530.12	XAF1	protein_coding
926	SLC2A5	2.8964958	HP	sonnevald	ENSG00000142583.13	SLC2A5	protein_coding
927	MX1	2.8571633	HP	sonnevald	ENSG00000157601.9	MX1	protein_coding
928	KANK1	2.8021397	HP	sonnevald	ENSG00000107104.14	KANK1	protein_coding
929	PFKFB2	2.7952247000000003	HP	sonnevald	ENSG00000123836.10	PFKFB2	protein_coding
930	GNG11	2.7450624	HP	sonnevald	ENSG00000127920.5	GNG11	protein_coding
931	DUSP2	2.7158601000000004	HP	sonnevald	ENSG00000158050.4	DUSP2	protein_coding
932	IFI27	2.700168	HP	sonnevald	ENSG00000165949.8	IFI27	protein_coding
933	ATP10B	2.6682537	HP	sonnevald	ENSG00000118322.8	ATP10B	protein_coding
934	MYC	2.6528457000000003	HP	sonnevald	ENSG00000136997.10	MYC	protein_coding
935	MEIS2	2.5213146	HP	sonnevald	ENSG00000134138.15	MEIS2	protein_coding
936	CCND1	2.5101842999999997	HP	sonnevald	ENSG00000110092.3	CCND1	protein_coding
937	SLC16A14	2.4773275000000003	HP	sonnevald	ENSG00000163053.6	SLC16A14	protein_coding
938	NOL4	2.4503155	HP	sonnevald	ENSG00000101746.11	NOL4	protein_coding
939	GOLGA9P	2.4491226000000004	HP	sonnevald			
940	OSBPL10	2.4427491000000003	HP	sonnevald	ENSG00000144645.9	OSBPL10	protein_coding
941	LOC283352	2.4237366000000002	HP	sonnevald			
942	CCND2	19.2814919	PRL3	sonnevald	ENSG00000118971.3	CCND2	protein_coding
943	LOC100131062	15.6551125	PRL3	sonnevald			
944	PTP4A3	15.6551125	PRL3	sonnevald	ENSG00000184489.7	PTP4A3	protein_coding
945	LOC100131062	15.1135313	PRL3	sonnevald			
946	PTP4A3	15.1135313	PRL3	sonnevald	ENSG00000184489.7	PTP4A3	protein_coding
947	PTPRZ1	9.7349268	PRL3	sonnevald	ENSG00000106278.7	PTPRZ1	protein_coding
948	SOCS3	5.9330682	PRL3	sonnevald	ENSG00000184557.3	SOCS3	protein_coding
949	RNF130	5.892324299999999	PRL3	sonnevald	ENSG00000113269.9	RNF130	protein_coding
950	C10orf10	4.401185	PRL3	sonnevald	ENSG00000165507.8	C10orf10	protein_coding
951	SMYD3	4.107154799999999	PRL3	sonnevald	ENSG00000185420.14	SMYD3	protein_coding
952	KIAA1244	3.8217681000000003	PRL3	sonnevald	ENSG00000112379.8	KIAA1244	protein_coding
953	PPARGC1A	3.6913387	PRL3	sonnevald	ENSG00000109819.4	PPARGC1A	protein_coding
954	WSCD1	3.2053791	PRL3	sonnevald	ENSG00000179314.9	WSCD1	protein_coding
955	MPPE1	3.122446	PRL3	sonnevald	ENSG00000154889.12	MPPE1	protein_coding
956	FBXO32	2.369196	PRL3	sonnevald	ENSG00000156804.3	FBXO32	protein_coding
957	MUC1	2.2847951	PRL3	sonnevald	ENSG00000185499.12	MUC1	protein_coding
958	IGHG1	2.0990417999999997	PRL3	sonnevald	ENSG00000211896.2	IGHG1	protein_coding
959	ETV5	2.0883148	PRL3	sonnevald	ENSG00000244405.3	ETV5	protein_coding
960	MURC	1.6302646	PRL3	sonnevald	ENSG00000170681.6	MURC	protein_coding
961	RUNX2	14.4272253	PR	sonnevald	ENSG00000124813.16	RUNX2	protein_coding
962	SCN3A	7.643509599999999	PR	sonnevald	ENSG00000153253.11	SCN3A	protein_coding
963	Multiple Gene Symbols	7.212952799999999	PR	sonnevald			
964	CDC2	7.0362356	PR	sonnevald			
965	GINS1	6.8003869	PR	sonnevald	ENSG00000101003.8	GINS1	protein_coding
966	GAGE12F	6.7635396	PR	sonnevald	ENSG00000236362.5	GAGE12F	protein_coding
967	GAGE12G	6.7635396	PR	sonnevald	ENSG00000215269.5	GAGE12G	protein_coding
968	GAGE12I	6.7635396	PR	sonnevald	ENSG00000241465.2	GAGE12I	protein_coding
969	GAGE12J	6.7635396	PR	sonnevald	ENSG00000224659.2	GAGE12J	protein_coding
970	GAGE7	6.7635396	PR	sonnevald			
971	TOP2A	6.7388897	PR	sonnevald	ENSG00000131747.10	TOP2A	protein_coding
972	Multiple Gene Symbols	6.498533	PR	sonnevald			
973	ATP10B	6.3930736	PR	sonnevald	ENSG00000118322.8	ATP10B	protein_coding
974	TOP2A	6.3773697	PR	sonnevald	ENSG00000131747.10	TOP2A	protein_coding
975	MAGEA3	6.2837231	PR	sonnevald	ENSG00000221867.4	MAGEA3	protein_coding
976	DTL	5.7433379	PR	sonnevald	ENSG00000143476.13	DTL	protein_coding
977	BUB1B	5.742225	PR	sonnevald	ENSG00000156970.8	BUB1B	protein_coding
978	CCNB1	5.6741525	PR	sonnevald	ENSG00000134057.10	CCNB1	protein_coding
979	KIF11	5.6017712	PR	sonnevald	ENSG00000138160.4	KIF11	protein_coding
980	SLC16A14	5.4313458	PR	sonnevald	ENSG00000163053.6	SLC16A14	protein_coding
981	MACROD2	5.4039778	PR	sonnevald	ENSG00000172264.12	MACROD2	protein_coding
982	MYLK	5.0998570999999995	PR	sonnevald	ENSG00000065534.14	MYLK	protein_coding
983	MAGEA6	5.0141709	PR	sonnevald	ENSG00000197172.6	MAGEA6	protein_coding
984	RRM2	4.9859667000000005	PR	sonnevald	ENSG00000171848.9	RRM2	protein_coding
985	FAM72A	4.811666799999999	PR	sonnevald	ENSG00000196550.6	FAM72A	protein_coding
986	FAM72B	4.811666799999999	PR	sonnevald	ENSG00000188610.8	FAM72B	protein_coding
987	FAM72D	4.811666799999999	PR	sonnevald	ENSG00000215784.4	FAM72D	protein_coding
988	GCUD2	4.811666799999999	PR	sonnevald			
989	AURKA	4.7886699	PR	sonnevald	ENSG00000087586.13	AURKA	protein_coding
990	SYT1	4.7618559000000005	PR	sonnevald	ENSG00000067715.9	SYT1	protein_coding
991	HMMR	4.6998144	PR	sonnevald	ENSG00000072571.15	HMMR	protein_coding
992	PBK	4.4377176	PR	sonnevald	ENSG00000168078.5	PBK	protein_coding
993	GLDC	4.3379885	PR	sonnevald	ENSG00000178445.8	GLDC	protein_coding
994	CENPK	4.1814848	PR	sonnevald	ENSG00000123219.8	CENPK	protein_coding
995	GABRB2	4.1297698	PR	sonnevald	ENSG00000145864.8	GABRB2	protein_coding
996	CENPA	4.1275384	PR	sonnevald	ENSG00000115163.10	CENPA	protein_coding
997	CDKN2C	4.0333811	PR	sonnevald	ENSG00000123080.6	CDKN2C	protein_coding
998	BIRC5	3.8736027	PR	sonnevald	ENSG00000089685.10	BIRC5	protein_coding
999	PHF19	3.7729199	PR	sonnevald	ENSG00000119403.9	PHF19	protein_coding
1000	C1orf96	3.6488786	PR	sonnevald			
1001	SMC4	3.573632	PR	sonnevald	ENSG00000113810.11	SMC4	protein_coding
1002	DUT	3.4887984	PR	sonnevald	ENSG00000128951.9	DUT	protein_coding
1003	FAM129A	3.4033065000000002	PR	sonnevald	ENSG00000135842.12	FAM129A	protein_coding
1004	KIAA0888	3.393106	PR	sonnevald			
1005	KIAA0101	3.3356055000000002	PR	sonnevald	ENSG00000166803.6	KIAA0101	protein_coding
1006	GAGE1	3.2062391	PR	sonnevald	ENSG00000205777.13	GAGE1	protein_coding
1007	GAGE12F	3.2062391	PR	sonnevald	ENSG00000236362.5	GAGE12F	protein_coding
1008	GAGE12G	3.2062391	PR	sonnevald	ENSG00000215269.5	GAGE12G	protein_coding
1009	GAGE12I	3.2062391	PR	sonnevald	ENSG00000241465.2	GAGE12I	protein_coding
1010	GAGE12J	3.2062391	PR	sonnevald	ENSG00000224659.2	GAGE12J	protein_coding
1011	GAGE4	3.2062391	PR	sonnevald			
1012	GAGE5	3.2062391	PR	sonnevald			
1013	GAGE6	3.2062391	PR	sonnevald			
1014	GAGE7	3.2062391	PR	sonnevald			
1015	DCK	3.1806665	PR	sonnevald	ENSG00000156136.5	DCK	protein_coding
1016	NEK2	3.155338	PR	sonnevald	ENSG00000117650.8	NEK2	protein_coding
1017	Multiple Gene Symbols	3.1410676	PR	sonnevald			
1018	STIL	3.12547	PR	sonnevald	ENSG00000123473.11	STIL	protein_coding
1019	ATAD2	3.1206419	PR	sonnevald	ENSG00000156802.8	ATAD2	protein_coding
1020	HMMR	3.0954346	PR	sonnevald	ENSG00000072571.15	HMMR	protein_coding
1021	HOMER1	3.0696277000000003	PR	sonnevald	ENSG00000152413.10	HOMER1	protein_coding
1022	RACGAP1	3.0148669	PR	sonnevald	ENSG00000161800.8	RACGAP1	protein_coding
1023	WEE1	3.0049773999999996	PR	sonnevald	ENSG00000166483.6	WEE1	protein_coding
1024	FGFR3	153.0249603	MS	sonnevald	ENSG00000068078.13	FGFR3	protein_coding
1025	WHSC1	45.723619299999996	MS	sonnevald	ENSG00000109685.13	WHSC1	protein_coding
1026	CCND2	35.574444299999996	MS	sonnevald	ENSG00000118971.3	CCND2	protein_coding
1027	DSG2	23.5318283	MS	sonnevald	ENSG00000046604.8	DSG2	protein_coding
1028	UCHL1	22.398211	MS	sonnevald	ENSG00000154277.8	UCHL1	protein_coding
1029	SERPINE2	21.4514503	MS	sonnevald	ENSG00000135919.8	SERPINE2	protein_coding
1030	WHSC1	20.4676937	MS	sonnevald	ENSG00000109685.13	WHSC1	protein_coding
1031	NGFRAP1	17.826756	MS	sonnevald	ENSG00000166681.9	NGFRAP1	protein_coding
1032	WHSC1	16.5220239	MS	sonnevald	ENSG00000109685.13	WHSC1	protein_coding
1033	C10orf38	16.2868649	MS	sonnevald			
1034	CCND2	14.259880599999999	MS	sonnevald	ENSG00000118971.3	CCND2	protein_coding
1035	KLF4	13.3548367	MS	sonnevald	ENSG00000136826.10	KLF4	protein_coding
1036	SELL	12.9696672	MS	sonnevald	ENSG00000188404.4	SELL	protein_coding
1037	WHSC1	12.897257699999999	MS	sonnevald	ENSG00000109685.13	WHSC1	protein_coding
1038	CLGN	11.5032439	MS	sonnevald	ENSG00000153132.8	CLGN	protein_coding
1039	LOC100131062	9.613843199999998	MS	sonnevald			
1040	PTP4A3	9.613843199999998	MS	sonnevald	ENSG00000184489.7	PTP4A3	protein_coding
1041	LOC100131062	9.577499900000001	MS	sonnevald			
1042	PTP4A3	9.577499900000001	MS	sonnevald	ENSG00000184489.7	PTP4A3	protein_coding
1043	APP	9.1757347	MS	sonnevald	ENSG00000142192.16	APP	protein_coding
1044	TIMP1	8.4247231	MS	sonnevald	ENSG00000102265.7	TIMP1	protein_coding
1045	AZGP1	8.240402	MS	sonnevald	ENSG00000160862.8	AZGP1	protein_coding
1046	PPIC	8.196312400000002	MS	sonnevald	ENSG00000168938.5	PPIC	protein_coding
1047	CTHRC1	7.3814137	MS	sonnevald	ENSG00000164932.8	CTHRC1	protein_coding
1048	GNB4	7.1217852	MS	sonnevald	ENSG00000114450.5	GNB4	protein_coding
1049	IGFBP7	7.078003599999999	MS	sonnevald	ENSG00000163453.7	IGFBP7	protein_coding
1050	PLOD2	6.2571015999999995	MS	sonnevald	ENSG00000152952.7	PLOD2	protein_coding
1051	CST3	6.189940200000001	MS	sonnevald	ENSG00000101439.4	CST3	protein_coding
1052	MAGED4	6.0397115999999995	MS	sonnevald	ENSG00000154545.12	MAGED4	protein_coding
1053	MAGED4B	6.0397115999999995	MS	sonnevald	ENSG00000187243.12	MAGED4B	protein_coding
1054	MAL	5.5729242	MS	sonnevald	ENSG00000172005.6	MAL	protein_coding
1055	BACE2	5.5022401	MS	sonnevald	ENSG00000182240.11	BACE2	protein_coding
1056	TMEM47	5.342862	MS	sonnevald	ENSG00000147027.3	TMEM47	protein_coding
1057	SGCB	5.3410185	MS	sonnevald	ENSG00000163069.8	SGCB	protein_coding
1058	EPDR1	5.2493738	MS	sonnevald	ENSG00000086289.7	EPDR1	protein_coding
1059	MYADM	5.1379888	MS	sonnevald	ENSG00000179820.11	MYADM	protein_coding
1060	C1orf21	5.1283662	MS	sonnevald	ENSG00000116667.8	C1orf21	protein_coding
1061	SERPINI1	5.1058044	MS	sonnevald	ENSG00000163536.8	SERPINI1	protein_coding
1062	ETV1	5.0437398	MS	sonnevald	ENSG00000006468.9	ETV1	protein_coding
1063	CD99	5.0392542	MS	sonnevald	ENSG00000002586.13	CD99	protein_coding
1064	S100A4	4.9822764	MS	sonnevald	ENSG00000196154.7	S100A4	protein_coding
1065	TSPAN7	4.9636871	MS	sonnevald	ENSG00000156298.8	TSPAN7	protein_coding
1066	TMEM176B	4.6577612	MS	sonnevald	ENSG00000106565.13	TMEM176B	protein_coding
1067	ANG	4.4665042	MS	sonnevald	ENSG00000214274.5	ANG	protein_coding
1068	ROBO1	4.443453400000001	MS	sonnevald	ENSG00000169855.15	ROBO1	protein_coding
1069	APP	4.3325738	MS	sonnevald	ENSG00000142192.16	APP	protein_coding
1070	TMEM176A	4.324582	MS	sonnevald	ENSG00000002933.3	TMEM176A	protein_coding
1071	GPRC5D	4.3138154	MS	sonnevald	ENSG00000111291.4	GPRC5D	protein_coding
1072	FAM129A	4.2375373	MS	sonnevald	ENSG00000135842.12	FAM129A	protein_coding
1073	FCRLA	4.1917855	MS	sonnevald	ENSG00000132185.12	FCRLA	protein_coding
1074	PPIC	4.1837718	MS	sonnevald	ENSG00000168938.5	PPIC	protein_coding
1075	SATB1	4.1495235	MS	sonnevald	ENSG00000182568.12	SATB1	protein_coding
1076	MPPED2	4.0644127999999995	MS	sonnevald	ENSG00000066382.12	MPPED2	protein_coding
1077	CX3CR1	39.4048138	MF	sonnevald	ENSG00000168329.9	CX3CR1	protein_coding
1078	CCND2	32.6830235	MF	sonnevald	ENSG00000118971.3	CCND2	protein_coding
1079	NUAK1	31.178012	MF	sonnevald	ENSG00000074590.9	NUAK1	protein_coding
1080	RND3	23.794468600000002	MF	sonnevald	ENSG00000115963.9	RND3	protein_coding
1081	CCND2	19.595628	MF	sonnevald	ENSG00000118971.3	CCND2	protein_coding
1082	CLEC7A	14.7810837	MF	sonnevald	ENSG00000172243.13	CLEC7A	protein_coding
1083	ITGB7	14.483977300000001	MF	sonnevald	ENSG00000139626.11	ITGB7	protein_coding
1084	DPYSL2	14.340753	MF	sonnevald	ENSG00000092964.12	DPYSL2	protein_coding
1085	SFN	13.130190300000002	MF	sonnevald	ENSG00000175793.10	SFN	protein_coding
1086	AHNAK	11.583231	MF	sonnevald	ENSG00000124942.9	AHNAK	protein_coding
1087	ARHGAP6	11.267232400000001	MF	sonnevald	ENSG00000047648.17	ARHGAP6	protein_coding
1088	CLEC7A	10.625503	MF	sonnevald	ENSG00000172243.13	CLEC7A	protein_coding
1089	ABLIM1	10.4065413	MF	sonnevald	ENSG00000099204.14	ABLIM1	protein_coding
1090	GULP1	10.129872	MF	sonnevald	ENSG00000144366.11	GULP1	protein_coding
1091	TFAP2C	9.9280347	MF	sonnevald	ENSG00000087510.5	TFAP2C	protein_coding
1092	SFN	9.548820300000001	MF	sonnevald	ENSG00000175793.10	SFN	protein_coding
1093	CDKN1C	8.8211931	MF	sonnevald	ENSG00000129757.8	CDKN1C	protein_coding
1094	GPM6B	8.7183117	MF	sonnevald	ENSG00000046653.10	GPM6B	protein_coding
1095	EHD3	8.354617999999999	MF	sonnevald	ENSG00000013016.10	EHD3	protein_coding
1096	BAMBI	8.0817145	MF	sonnevald	ENSG00000095739.7	BAMBI	protein_coding
1097	SLA	7.5183689	MF	sonnevald	ENSG00000155926.9	SLA	protein_coding
1098	CD109	7.1678850999999995	MF	sonnevald	ENSG00000156535.9	CD109	protein_coding
1099	GULP1	7.0786523	MF	sonnevald	ENSG00000144366.11	GULP1	protein_coding
1100	C1orf106	6.770314	MF	sonnevald	ENSG00000163362.6	C1orf106	protein_coding
1101	MTSS1	6.6831905	MF	sonnevald	ENSG00000170873.14	MTSS1	protein_coding
1102	MIRHG2	6.3851004	MF	sonnevald			
1103	DOCK11	6.259819599999999	MF	sonnevald	ENSG00000147251.11	DOCK11	protein_coding
1104	FAM26F	6.1830551	MF	sonnevald	ENSG00000188820.8	FAM26F	protein_coding
1105	CCND2	6.026942299999999	MF	sonnevald	ENSG00000118971.3	CCND2	protein_coding
1106	CD52	5.9587901	MF	sonnevald	ENSG00000169442.4	CD52	protein_coding
1107	CHST6	5.8508203000000005	MF	sonnevald	ENSG00000183196.4	CHST6	protein_coding
1108	ARHGEF3	5.821159400000001	MF	sonnevald	ENSG00000163947.7	ARHGEF3	protein_coding
1109	ITGB5	5.30508	MF	sonnevald	ENSG00000082781.7	ITGB5	protein_coding
1110	SYK	5.270653	MF	sonnevald	ENSG00000165025.10	SYK	protein_coding
1111	CRIP1	5.1795886	MF	sonnevald	ENSG00000213145.5	CRIP1	protein_coding
1112	ITPRIPL2	5.091517	MF	sonnevald	ENSG00000205730.5	ITPRIPL2	protein_coding
1113	ARL4C	4.8523190000000005	MF	sonnevald	ENSG00000188042.5	ARL4C	protein_coding
1114	PRR15	4.799852099999999	MF	sonnevald	ENSG00000176532.3	PRR15	protein_coding
1115	ETS1	4.7062137	MF	sonnevald	ENSG00000134954.10	ETS1	protein_coding
1116	HRASLS2	4.524478299999999	MF	sonnevald	ENSG00000133328.3	HRASLS2	protein_coding
1117	ANG	4.330374	MF	sonnevald	ENSG00000214274.5	ANG	protein_coding
1118	SMAD7	4.215517	MF	sonnevald	ENSG00000101665.4	SMAD7	protein_coding
1119	RARRES3	4.130816	MF	sonnevald	ENSG00000133321.6	RARRES3	protein_coding
1120	RAPH1	4.0463938	MF	sonnevald	ENSG00000173166.13	RAPH1	protein_coding
1121	PITPNC1	3.9780121	MF	sonnevald	ENSG00000154217.10	PITPNC1	protein_coding
1122	TMC6	3.9717388	MF	sonnevald	ENSG00000141524.11	TMC6	protein_coding
1123	MAGI2	3.7943834	MF	sonnevald	ENSG00000187391.13	MAGI2	protein_coding
1124	RASGRP1	13.5156457	LB	sonnevald	ENSG00000172575.7	RASGRP1	protein_coding
1125	PHACTR3	11.4856416	LB	sonnevald	ENSG00000087495.12	PHACTR3	protein_coding
1126	AHNAK	10.3646625	LB	sonnevald	ENSG00000124942.9	AHNAK	protein_coding
1127	ARL4C	7.950438799999999	LB	sonnevald	ENSG00000188042.5	ARL4C	protein_coding
1128	RND3	7.3615664999999995	LB	sonnevald	ENSG00000115963.9	RND3	protein_coding
1129	ARL4C	7.013675699999999	LB	sonnevald	ENSG00000188042.5	ARL4C	protein_coding
1130	DOCK11	6.3053608	LB	sonnevald	ENSG00000147251.11	DOCK11	protein_coding
1131	CSF2RB	5.0282137	LB	sonnevald	ENSG00000100368.9	CSF2RB	protein_coding
1132	BIRC3	4.878493	LB	sonnevald	ENSG00000023445.9	BIRC3	protein_coding
1133	PRR15	4.7849831	LB	sonnevald	ENSG00000176532.3	PRR15	protein_coding
1134	IL6R	4.322778400000001	LB	sonnevald	ENSG00000160712.8	IL6R	protein_coding
1135	HEY1	4.0985892999999995	LB	sonnevald	ENSG00000164683.12	HEY1	protein_coding
1136	HRASLS2	3.7878388	LB	sonnevald	ENSG00000133328.3	HRASLS2	protein_coding
1137	CST6	3.6412152	LB	sonnevald	ENSG00000175315.2	CST6	protein_coding
1138	PITPNC1	3.4667604	LB	sonnevald	ENSG00000154217.10	PITPNC1	protein_coding
1139	STS	3.3666417	LB	sonnevald	ENSG00000101846.6	STS	protein_coding
1140	RREB1	3.3034253	LB	sonnevald	ENSG00000124782.15	RREB1	protein_coding
1141	BAT2D1	3.2365703999999997	LB	sonnevald			
1142	EHD3	2.8822487999999997	LB	sonnevald	ENSG00000013016.10	EHD3	protein_coding
1143	SPN	2.8542313	LB	sonnevald	ENSG00000197471.7	SPN	protein_coding
1144	TFEB	2.4992107999999997	LB	sonnevald	ENSG00000112561.13	TFEB	protein_coding
1145	C20orf103	-0.1019343	CD-2	sonnevald			
1146	CCND2	-0.1324386	CD-2	sonnevald	ENSG00000118971.3	CCND2	protein_coding
1147	CSF2RB	-0.1430076	CD-2	sonnevald	ENSG00000100368.9	CSF2RB	protein_coding
1148	KCNS3	-0.1477501	CD-2	sonnevald	ENSG00000170745.7	KCNS3	protein_coding
1149	IL6R	-0.1545435	CD-2	sonnevald	ENSG00000160712.8	IL6R	protein_coding
1150	CD44	-0.1576857	CD-2	sonnevald	ENSG00000026508.12	CD44	protein_coding
1151	UCHL1	-0.1754464	CD-2	sonnevald	ENSG00000154277.8	UCHL1	protein_coding
1152	CD44	-0.1795013	CD-2	sonnevald	ENSG00000026508.12	CD44	protein_coding
1153	hCG_1815491	-0.1884362	CD-2	sonnevald			
1154	GBA3	-0.2001758	CD-2	sonnevald	ENSG00000249948.2	GBA3	protein_coding
1155	GBA3	-0.21011929999999998	CD-2	sonnevald	ENSG00000249948.2	GBA3	protein_coding
1156	CD44	-0.2153417	CD-2	sonnevald	ENSG00000026508.12	CD44	protein_coding
1157	CD44	-0.22725630000000002	CD-2	sonnevald	ENSG00000026508.12	CD44	protein_coding
1158	CCND2	-0.23568240000000001	CD-2	sonnevald	ENSG00000118971.3	CCND2	protein_coding
1159	GPRC5D	-0.2377246	CD-2	sonnevald	ENSG00000111291.4	GPRC5D	protein_coding
1160	CD44	-0.2515195	CD-2	sonnevald	ENSG00000026508.12	CD44	protein_coding
1161	EFEMP1	-0.25551999999999997	CD-2	sonnevald	ENSG00000115380.14	EFEMP1	protein_coding
1162	HIST1H1C	-0.2585088	CD-2	sonnevald	ENSG00000187837.2	HIST1H1C	protein_coding
1163	FABP5	-0.2673505	CD-2	sonnevald	ENSG00000164687.6	FABP5	protein_coding
1164	FABP5L2	-0.2673505	CD-2	sonnevald			
1165	FABP5L7	-0.2673505	CD-2	sonnevald			
1166	CD44	-0.269581	CD-2	sonnevald	ENSG00000026508.12	CD44	protein_coding
1167	SERPINI1	-0.279617	CD-2	sonnevald	ENSG00000163536.8	SERPINI1	protein_coding
1168	CD44	-0.2824125	CD-2	sonnevald	ENSG00000026508.12	CD44	protein_coding
1169	PRR15	-0.2873598	CD-2	sonnevald	ENSG00000176532.3	PRR15	protein_coding
1170	FAM101B	-0.3014873	CD-2	sonnevald	ENSG00000183688.4	FAM101B	protein_coding
1171	CCR10	-0.3148174	CD-2	sonnevald	ENSG00000184451.5	CCR10	protein_coding
1172	C10orf38	-0.3204439	CD-2	sonnevald			
1173	CCRL2	-0.32173179999999996	CD-2	sonnevald	ENSG00000121797.9	CCRL2	protein_coding
1174	LOC727811	-0.32173179999999996	CD-2	sonnevald			
1175	AREG	-0.3258292	CD-2	sonnevald	ENSG00000109321.6	AREG	protein_coding
1176	LOC727738	-0.3258292	CD-2	sonnevald			
1177	ARL4C	-0.3281152	CD-2	sonnevald	ENSG00000188042.5	ARL4C	protein_coding
1178	HIST2H2AA3	-0.3284413	CD-2	sonnevald	ENSG00000183558.5	HIST2H2AA3	protein_coding
1179	HIST2H2AA4	-0.3284413	CD-2	sonnevald	ENSG00000203812.2	HIST2H2AA4	protein_coding
1180	DUSP4	-0.3307153	CD-2	sonnevald	ENSG00000120875.4	DUSP4	protein_coding
1181	SULF2	-0.3329183	CD-2	sonnevald	ENSG00000196562.10	SULF2	protein_coding
1182	DUSP4	-0.33828	CD-2	sonnevald	ENSG00000120875.4	DUSP4	protein_coding
1183	HIST2H2AA3	-0.3411066	CD-2	sonnevald	ENSG00000183558.5	HIST2H2AA3	protein_coding
1184	HIST2H2AA4	-0.3411066	CD-2	sonnevald	ENSG00000203812.2	HIST2H2AA4	protein_coding
1185	TMEM45A	-0.3473472	CD-2	sonnevald	ENSG00000181458.6	TMEM45A	protein_coding
1186	RARRES3	-0.3564373	CD-2	sonnevald	ENSG00000133321.6	RARRES3	protein_coding
1187	hCG_1815491	-0.3635377	CD-2	sonnevald			
1188	HIST1H2AC	-0.3720105	CD-2	sonnevald	ENSG00000180573.8	HIST1H2AC	protein_coding
1189	DDIT4	-0.3756644	CD-2	sonnevald	ENSG00000168209.4	DDIT4	protein_coding
1190	PLEK	-0.3856186	CD-2	sonnevald	ENSG00000115956.9	PLEK	protein_coding
1191	FAM26F	-0.38718379999999997	CD-2	sonnevald	ENSG00000188820.8	FAM26F	protein_coding
1192	RRAGD	-0.38848330000000003	CD-2	sonnevald	ENSG00000025039.10	RRAGD	protein_coding
1193	GOLGA9P	-0.3887027	CD-2	sonnevald			
1194	SOX4	-0.3906034	CD-2	sonnevald	ENSG00000124766.4	SOX4	protein_coding
1195	FGL2	-0.39251540000000007	CD-2	sonnevald	ENSG00000127951.5	FGL2	protein_coding
1196	ITGB5	-0.3980617	CD-2	sonnevald	ENSG00000082781.7	ITGB5	protein_coding
1197	ELOVL4	-0.4009727	CD-2	sonnevald	ENSG00000118402.5	ELOVL4	protein_coding
1198	RRAGD	-0.42208690000000004	CD-2	sonnevald	ENSG00000025039.10	RRAGD	protein_coding
1199	CD9	-0.0831044	CD-1	sonnevald	ENSG00000010278.7	CD9	protein_coding
1200	SERPINI1	-0.17477479999999998	CD-1	sonnevald	ENSG00000163536.8	SERPINI1	protein_coding
1201	AREG	-0.1753364	CD-1	sonnevald	ENSG00000109321.6	AREG	protein_coding
1202	LOC727738	-0.1753364	CD-1	sonnevald			
1203	PERP	-0.18859720000000002	CD-1	sonnevald	ENSG00000112378.11	PERP	protein_coding
1204	GOLGA9P	-0.2552841	CD-1	sonnevald			
1205	MLLT11	-0.2602262	CD-1	sonnevald	ENSG00000213190.2	MLLT11	protein_coding
1206	NOTCH2NL	-0.2618022	CD-1	sonnevald	ENSG00000213240.7	NOTCH2NL	protein_coding
1207	HOMER3	-0.2729165	CD-1	sonnevald	ENSG00000051128.14	HOMER3	protein_coding
1208	SNF1LK	-0.2771378	CD-1	sonnevald			
1209	HDLBP	-0.07091460000000001	CTA	sonnevald	ENSG00000115677.12	HDLBP	protein_coding
1210	EIF5B	-0.10118780000000001	CTA	sonnevald	ENSG00000158417.6	EIF5B	protein_coding
1211	CAST	-0.1108604	CTA	sonnevald	ENSG00000153113.19	CAST	protein_coding
1212	NUCB2	-0.11371989999999998	CTA	sonnevald	ENSG00000070081.11	NUCB2	protein_coding
1213	TAX1BP1	-0.11543930000000001	CTA	sonnevald	ENSG00000106052.9	TAX1BP1	protein_coding
1214	MALAT1	-0.11668319999999999	CTA	sonnevald	ENSG00000251562.3	MALAT1	long_noncoding
1215	HSP90AA1	-0.11856130000000001	CTA	sonnevald	ENSG00000080824.14	HSP90AA1	protein_coding
1216	EIF3A	-0.13086330000000002	CTA	sonnevald	ENSG00000107581.8	EIF3A	protein_coding
1217	TTC3	-0.1343802	CTA	sonnevald	ENSG00000182670.9	TTC3	protein_coding
1218	ZBTB38	-0.14033289999999998	CTA	sonnevald	ENSG00000177311.6	ZBTB38	protein_coding
1219	LAMC1	-0.1428867	CTA	sonnevald	ENSG00000135862.5	LAMC1	protein_coding
1220	SEC63	-0.1499344	CTA	sonnevald	ENSG00000025796.9	SEC63	protein_coding
1221	HDLBP	-0.1515194	CTA	sonnevald	ENSG00000115677.12	HDLBP	protein_coding
1222	SON	-0.153026	CTA	sonnevald	ENSG00000159140.13	SON	protein_coding
1223	TTC3	-0.15372439999999998	CTA	sonnevald	ENSG00000182670.9	TTC3	protein_coding
1224	JAK1	-0.15520309999999998	CTA	sonnevald	ENSG00000162434.7	JAK1	protein_coding
1225	TOP1	-0.1571297	CTA	sonnevald	ENSG00000198900.5	TOP1	protein_coding
1226	EPRS	-0.1573221	CTA	sonnevald	ENSG00000136628.13	EPRS	protein_coding
1227	SMC4	-0.15979029999999997	CTA	sonnevald	ENSG00000113810.11	SMC4	protein_coding
1228	IQGAP1	-0.15987179999999998	CTA	sonnevald	ENSG00000140575.8	IQGAP1	protein_coding
1229	ALCAM	-0.1642009	CTA	sonnevald	ENSG00000170017.8	ALCAM	protein_coding
1230	ARID5B	-0.1651321	CTA	sonnevald	ENSG00000150347.10	ARID5B	protein_coding
1231	EPRS	-0.1654152	CTA	sonnevald	ENSG00000136628.13	EPRS	protein_coding
1232	IFI16	-0.1678633	CTA	sonnevald	ENSG00000163565.14	IFI16	protein_coding
1233	BAT2D1	-0.1680016	CTA	sonnevald			
1234	SON	-0.1689039	CTA	sonnevald	ENSG00000159140.13	SON	protein_coding
1235	IQGAP1	-0.1705115	CTA	sonnevald	ENSG00000140575.8	IQGAP1	protein_coding
1236	MTDH	-0.1705232	CTA	sonnevald	ENSG00000147649.5	MTDH	protein_coding
1237	C4A	-0.1768185	CTA	sonnevald	ENSG00000244731.3	C4A	protein_coding
1238	C4B	-0.1768185	CTA	sonnevald	ENSG00000224389.4	C4B	protein_coding
1239	HSP90B1	-0.1839286	CTA	sonnevald	ENSG00000166598.8	HSP90B1	protein_coding
1240	AHNAK	-0.1842711	CTA	sonnevald	ENSG00000124942.9	AHNAK	protein_coding
1241	BCLAF1	-0.18922560000000002	CTA	sonnevald	ENSG00000029363.11	BCLAF1	protein_coding
1242	TOP2B	-0.1902241	CTA	sonnevald	ENSG00000077097.9	TOP2B	protein_coding
1243	RAPGEF2	-0.19028420000000001	CTA	sonnevald	ENSG00000109756.4	RAPGEF2	protein_coding
1244	KIAA0368	-0.19224979999999997	CTA	sonnevald	ENSG00000136813.10	KIAA0368	protein_coding
1245	SETBP1	-0.19400620000000002	CTA	sonnevald	ENSG00000152217.12	SETBP1	protein_coding
1246	SH3KBP1	-0.1953299	CTA	sonnevald	ENSG00000147010.13	SH3KBP1	protein_coding
1247	IFI16	-0.1965027	CTA	sonnevald	ENSG00000163565.14	IFI16	protein_coding
1248	LRRC16A	-0.19837620000000003	CTA	sonnevald	ENSG00000079691.15	LRRC16A	protein_coding
1249	MALAT1	-0.2009035	CTA	sonnevald	ENSG00000251562.3	MALAT1	long_noncoding
1250	EZR	-0.2059197	CTA	sonnevald	ENSG00000092820.13	EZR	protein_coding
1251	FAM13A1	-0.21360660000000004	CTA	sonnevald			
1252	USP16	-0.2142134	CTA	sonnevald	ENSG00000156256.10	USP16	protein_coding
1253	HIPK2	-0.21576979999999998	CTA	sonnevald	ENSG00000064393.11	HIPK2	protein_coding
1254	CD2AP	-0.2166721	CTA	sonnevald	ENSG00000198087.7	CD2AP	protein_coding
1255	ANKRD12	-0.21856620000000002	CTA	sonnevald	ENSG00000101745.11	ANKRD12	protein_coding
1256	NOLC1	-0.2204425	CTA	sonnevald	ENSG00000166197.12	NOLC1	protein_coding
1257	KPNB1	-0.2207242	CTA	sonnevald	ENSG00000108424.5	KPNB1	protein_coding
1258	HNRNPU	-0.22160839999999998	CTA	sonnevald	ENSG00000153187.12	HNRNPU	protein_coding
1259	CCR2	-0.069293	NFkB	sonnevald	ENSG00000121807.5	CCR2	protein_coding
1260	FLJ78302	-0.069293	NFkB	sonnevald			
1261	ANKRD46	-0.0726682	NFkB	sonnevald	ENSG00000186106.7	ANKRD46	protein_coding
1262	MAT2A	-0.1042248	NFkB	sonnevald	ENSG00000168906.8	MAT2A	protein_coding
1263	SACM1L	-0.11565339999999999	NFkB	sonnevald	ENSG00000211456.6	SACM1L	protein_coding
1264	PPM1B	-0.11941900000000001	NFkB	sonnevald	ENSG00000138032.16	PPM1B	protein_coding
1265	KANK1	-0.1331879	NFkB	sonnevald	ENSG00000107104.14	KANK1	protein_coding
1266	G3BP1	-0.13882039999999998	NFkB	sonnevald	ENSG00000145907.10	G3BP1	protein_coding
1267	SMC4	-0.1487856	NFkB	sonnevald	ENSG00000113810.11	SMC4	protein_coding
1268	COPB2	-0.1861895	NFkB	sonnevald	ENSG00000184432.5	COPB2	protein_coding
1269	LBR	-0.1864372	NFkB	sonnevald	ENSG00000143815.10	LBR	protein_coding
1270	SRP54	-0.18778870000000003	NFkB	sonnevald	ENSG00000100883.7	SRP54	protein_coding
1271	ZRANB2	-0.18855339999999998	NFkB	sonnevald	ENSG00000132485.8	ZRANB2	protein_coding
1272	CDC2	-0.1907492	NFkB	sonnevald			
1273	HMMR	-0.19299960000000002	NFkB	sonnevald	ENSG00000072571.15	HMMR	protein_coding
1274	ATP6V1D	-0.1936734	NFkB	sonnevald	ENSG00000100554.7	ATP6V1D	protein_coding
1275	CD200	-0.1975679	NFkB	sonnevald	ENSG00000091972.14	CD200	protein_coding
1276	GTF2A1	-0.2036325	NFkB	sonnevald	ENSG00000165417.7	GTF2A1	protein_coding
1277	MEF2C	-0.2042381	NFkB	sonnevald	ENSG00000081189.9	MEF2C	protein_coding
1278	SFRS1	-0.20554029999999998	NFkB	sonnevald			
1279	GALNAC4S-6ST	-0.2077467	NFkB	sonnevald			
1280	ARHGEF3	-0.21311570000000002	NFkB	sonnevald	ENSG00000163947.7	ARHGEF3	protein_coding
1281	SLC16A14	-0.21677670000000002	NFkB	sonnevald	ENSG00000163053.6	SLC16A14	protein_coding
1282	TOP1	-0.21802489999999997	NFkB	sonnevald	ENSG00000198900.5	TOP1	protein_coding
1283	RNF34	-0.22145389999999998	NFkB	sonnevald	ENSG00000170633.12	RNF34	protein_coding
1284	RRM2	-0.22331439999999997	NFkB	sonnevald	ENSG00000171848.9	RRM2	protein_coding
1285	FAM69A	-0.22520349999999997	NFkB	sonnevald	ENSG00000154511.7	FAM69A	protein_coding
1286	GLS	-0.22995960000000001	NFkB	sonnevald	ENSG00000115419.8	GLS	protein_coding
1287	PTPRC	-0.23331929999999998	NFkB	sonnevald	ENSG00000081237.14	PTPRC	protein_coding
1288	EFR3A	-0.23707229999999999	NFkB	sonnevald	ENSG00000132294.9	EFR3A	protein_coding
1289	RASA1	-0.23718560000000002	NFkB	sonnevald	ENSG00000145715.10	RASA1	protein_coding
1290	SON	-0.23750900000000003	NFkB	sonnevald	ENSG00000159140.13	SON	protein_coding
1291	HSPA1A	-0.2418132	NFkB	sonnevald	ENSG00000204389.8	HSPA1A	protein_coding
1292	HSPA1B	-0.2418132	NFkB	sonnevald	ENSG00000204388.5	HSPA1B	protein_coding
1293	GINS1	-0.2424779	NFkB	sonnevald	ENSG00000101003.8	GINS1	protein_coding
1294	AP3M1	-0.243786	NFkB	sonnevald	ENSG00000185009.8	AP3M1	protein_coding
1295	NSL1	-0.24387899999999998	NFkB	sonnevald	ENSG00000117697.10	NSL1	protein_coding
1296	BET1	-0.24962820000000002	NFkB	sonnevald	ENSG00000105829.7	BET1	protein_coding
1297	PLA2G4A	-0.2553104	NFkB	sonnevald	ENSG00000116711.8	PLA2G4A	protein_coding
1298	NSF	-0.25644770000000006	NFkB	sonnevald	ENSG00000073969.14	NSF	protein_coding
1299	BUB1B	-0.2577325	NFkB	sonnevald	ENSG00000156970.8	BUB1B	protein_coding
1300	MUT	-0.2591594	NFkB	sonnevald	ENSG00000146085.7	MUT	protein_coding
1301	POLR2B	-0.2640332	NFkB	sonnevald	ENSG00000047315.10	POLR2B	protein_coding
1302	C14orf119	-0.27409229999999996	NFkB	sonnevald	ENSG00000179933.4	C14orf119	protein_coding
1303	ATP10B	-0.2765371	NFkB	sonnevald	ENSG00000118322.8	ATP10B	protein_coding
1304	SON	-0.27664520000000004	NFkB	sonnevald	ENSG00000159140.13	SON	protein_coding
1305	CROP	-0.2784443	NFkB	sonnevald			
1306	C14orf108	-0.28140640000000006	NFkB	sonnevald			
1307	DTL	-0.2861769	NFkB	sonnevald	ENSG00000143476.13	DTL	protein_coding
1308	XPO1	-0.2890116	NFkB	sonnevald	ENSG00000082898.12	XPO1	protein_coding
1309	RBM5	-0.2900264	NFkB	sonnevald	ENSG00000003756.12	RBM5	protein_coding
1310	CCND2	-0.11574360000000002	HP	sonnevald	ENSG00000118971.3	CCND2	protein_coding
1311	DHRS9	-0.18425	HP	sonnevald	ENSG00000073737.12	DHRS9	protein_coding
1312	S100A4	-0.1879364	HP	sonnevald	ENSG00000196154.7	S100A4	protein_coding
1313	CD99	-0.1929918	HP	sonnevald	ENSG00000002586.13	CD99	protein_coding
1314	MYADM	-0.1969364	HP	sonnevald	ENSG00000179820.11	MYADM	protein_coding
1315	TIMP1	-0.2162136	HP	sonnevald	ENSG00000102265.7	TIMP1	protein_coding
1316	DHRS9	-0.2245555	HP	sonnevald	ENSG00000073737.12	DHRS9	protein_coding
1317	COCH	-0.2280257	HP	sonnevald	ENSG00000100473.11	COCH	protein_coding
1318	CCND2	-0.23033089999999998	HP	sonnevald	ENSG00000118971.3	CCND2	protein_coding
1319	DHRS9	-0.23583739999999997	HP	sonnevald	ENSG00000073737.12	DHRS9	protein_coding
1320	SELL	-0.2462737	HP	sonnevald	ENSG00000188404.4	SELL	protein_coding
1321	NGFRAP1	-0.2619843	HP	sonnevald	ENSG00000166681.9	NGFRAP1	protein_coding
1322	TUBA1A	-0.262374	HP	sonnevald	ENSG00000167552.9	TUBA1A	protein_coding
1323	SLC8A1	-0.27707370000000003	HP	sonnevald	ENSG00000183023.14	SLC8A1	protein_coding
1324	ARL4C	-0.2920574	HP	sonnevald	ENSG00000188042.5	ARL4C	protein_coding
1325	CTHRC1	-0.2984922	HP	sonnevald	ENSG00000164932.8	CTHRC1	protein_coding
1326	PMAIP1	-0.3051977	HP	sonnevald	ENSG00000141682.11	PMAIP1	protein_coding
1327	CD52	-0.32712440000000004	HP	sonnevald	ENSG00000169442.4	CD52	protein_coding
1328	ETV1	-0.3293427	HP	sonnevald	ENSG00000006468.9	ETV1	protein_coding
1329	EZR	-0.3381887	HP	sonnevald	ENSG00000092820.13	EZR	protein_coding
1330	PHLDA1	-0.3397759	HP	sonnevald	ENSG00000139289.9	PHLDA1	protein_coding
1331	GLIPR1	-0.33996190000000004	HP	sonnevald	ENSG00000139278.5	GLIPR1	protein_coding
1332	FHL1	-0.3440223	HP	sonnevald	ENSG00000022267.12	FHL1	protein_coding
1333	AGA	-0.34551040000000005	HP	sonnevald	ENSG00000038002.4	AGA	protein_coding
1334	FAM129A	-0.3464671	HP	sonnevald	ENSG00000135842.12	FAM129A	protein_coding
1335	MAL	-0.35445229999999994	HP	sonnevald	ENSG00000172005.6	MAL	protein_coding
1336	CD9	-0.3558632	HP	sonnevald	ENSG00000010278.7	CD9	protein_coding
1337	IGFBP7	-0.3573481	HP	sonnevald	ENSG00000163453.7	IGFBP7	protein_coding
1338	MS4A1	-0.3681817	HP	sonnevald	ENSG00000156738.13	MS4A1	protein_coding
1339	CTSH	-0.368212	HP	sonnevald	ENSG00000103811.11	CTSH	protein_coding
1340	TUBB2A	-0.3692837	HP	sonnevald	ENSG00000137267.5	TUBB2A	protein_coding
1341	FGFR3	-0.3706379	HP	sonnevald	ENSG00000068078.13	FGFR3	protein_coding
1342	FCRLA	-0.3720308	HP	sonnevald	ENSG00000132185.12	FCRLA	protein_coding
1343	FCRLA	-0.3726432	HP	sonnevald	ENSG00000132185.12	FCRLA	protein_coding
1344	OSBPL1A	-0.373752	HP	sonnevald	ENSG00000141447.12	OSBPL1A	protein_coding
1345	PITPNC1	-0.37413979999999997	HP	sonnevald	ENSG00000154217.10	PITPNC1	protein_coding
1346	GGH	-0.37960429999999995	HP	sonnevald	ENSG00000137563.7	GGH	protein_coding
1347	RND3	-0.3817776	HP	sonnevald	ENSG00000115963.9	RND3	protein_coding
1348	CDKN1C	-0.38837309999999997	HP	sonnevald	ENSG00000129757.8	CDKN1C	protein_coding
1349	DOCK11	-0.39025740000000003	HP	sonnevald	ENSG00000147251.11	DOCK11	protein_coding
1350	KLF6	-0.3916507	HP	sonnevald	ENSG00000067082.10	KLF6	protein_coding
1351	PMAIP1	-0.39228409999999997	HP	sonnevald	ENSG00000141682.11	PMAIP1	protein_coding
1352	CHPT1	-0.3923157	HP	sonnevald	ENSG00000111666.6	CHPT1	protein_coding
1353	FHL1	-0.392654	HP	sonnevald	ENSG00000022267.12	FHL1	protein_coding
1354	AP1S2	-0.39678070000000004	HP	sonnevald	ENSG00000182287.9	AP1S2	protein_coding
1355	CD81	-0.3968795	HP	sonnevald	ENSG00000110651.7	CD81	protein_coding
1356	KLF6	-0.3976783	HP	sonnevald	ENSG00000067082.10	KLF6	protein_coding
1357	KLF4	-0.3989176	HP	sonnevald	ENSG00000136826.10	KLF4	protein_coding
1358	DEK	-0.3991969	HP	sonnevald	ENSG00000124795.10	DEK	protein_coding
1359	LAPTM5	-0.035269	PRL3	sonnevald	ENSG00000162511.7	LAPTM5	protein_coding
1360	CD44	-0.037685199999999995	PRL3	sonnevald	ENSG00000026508.12	CD44	protein_coding
1361	CD44	-0.0839548	PRL3	sonnevald	ENSG00000026508.12	CD44	protein_coding
1362	TMSB4X	-0.161951	PRL3	sonnevald	ENSG00000205542.6	TMSB4X	protein_coding
1363	TMSL3	-0.161951	PRL3	sonnevald			
1364	DUSP6	-0.19351729999999998	PRL3	sonnevald	ENSG00000139318.7	DUSP6	protein_coding
1365	PDLIM1	-0.1997598	PRL3	sonnevald	ENSG00000107438.4	PDLIM1	protein_coding
1366	SMAP2	-0.27628590000000003	PRL3	sonnevald	ENSG00000084070.7	SMAP2	protein_coding
1367	CAT	-0.3412627	PRL3	sonnevald	ENSG00000121691.4	CAT	protein_coding
1368	PRNP	-0.3956748	PRL3	sonnevald	ENSG00000171867.12	PRNP	protein_coding
1369	GLUL	-0.10326660000000001	PR	sonnevald	ENSG00000135821.12	GLUL	protein_coding
1370	CD27	-0.1149829	PR	sonnevald	ENSG00000139193.3	CD27	protein_coding
1371	CXCR4	-0.1266795	PR	sonnevald	ENSG00000121966.6	CXCR4	protein_coding
1372	FCRLA	-0.1316319	PR	sonnevald	ENSG00000132185.12	FCRLA	protein_coding
1373	CXCR4	-0.1419231	PR	sonnevald	ENSG00000121966.6	CXCR4	protein_coding
1374	HLA-DOB	-0.1450985	PR	sonnevald	ENSG00000241106.2	HLA-DOB	protein_coding
1375	CD74	-0.15408070000000001	PR	sonnevald	ENSG00000019582.10	CD74	protein_coding
1376	TLE1	-0.15439779999999997	PR	sonnevald	ENSG00000196781.9	TLE1	protein_coding
1377	FCGR2B	-0.15761229999999998	PR	sonnevald	ENSG00000072694.14	FCGR2B	protein_coding
1378	FCRLA	-0.1592951	PR	sonnevald	ENSG00000132185.12	FCRLA	protein_coding
1379	HLA-DPA1	-0.17412439999999998	PR	sonnevald	ENSG00000231389.3	HLA-DPA1	protein_coding
1380	KLF6	-0.179624	PR	sonnevald	ENSG00000067082.10	KLF6	protein_coding
1381	FGD2	-0.20347479999999998	PR	sonnevald	ENSG00000146192.10	FGD2	protein_coding
1382	P2RX5	-0.20949610000000002	PR	sonnevald	ENSG00000083454.17	P2RX5	protein_coding
1383	TAPBPL	-0.2159761	PR	sonnevald	ENSG00000139192.7	TAPBPL	protein_coding
1384	Multiple Gene Symbols	-0.21841529999999998	PR	sonnevald			
1385	FCRL5	-0.235233	PR	sonnevald	ENSG00000143297.14	FCRL5	protein_coding
1386	Multiple Gene Symbols	-0.23994459999999998	PR	sonnevald			
1387	MARCKS	-0.24361359999999999	PR	sonnevald	ENSG00000155130.5	MARCKS	protein_coding
1388	HLA-DPB1	-0.2550114	PR	sonnevald	ENSG00000223865.6	HLA-DPB1	protein_coding
1389	CXCR4	-0.2602581	PR	sonnevald	ENSG00000121966.6	CXCR4	protein_coding
1390	COTL1	-0.2613699	PR	sonnevald	ENSG00000103187.6	COTL1	protein_coding
1391	PLEK	-0.264923	PR	sonnevald	ENSG00000115956.9	PLEK	protein_coding
1392	KLF6	-0.26584179999999996	PR	sonnevald	ENSG00000067082.10	KLF6	protein_coding
1393	TMEM156	-0.2712857	PR	sonnevald	ENSG00000121895.7	TMEM156	protein_coding
1394	RNGTT	-0.275121	PR	sonnevald	ENSG00000111880.11	RNGTT	protein_coding
1395	TAGAP	-0.2765138	PR	sonnevald	ENSG00000164691.12	TAGAP	protein_coding
1396	OTUD1	-0.2906579	PR	sonnevald	ENSG00000165312.5	OTUD1	protein_coding
1397	BLNK	-0.2919335	PR	sonnevald	ENSG00000095585.12	BLNK	protein_coding
1398	KLF3	-0.29424	PR	sonnevald	ENSG00000109787.8	KLF3	protein_coding
1399	NPC2	-0.29514229999999997	PR	sonnevald	ENSG00000119655.4	NPC2	protein_coding
1400	KLHL5	-0.3010815	PR	sonnevald	ENSG00000109790.12	KLHL5	protein_coding
1401	SMAP2	-0.30198359999999996	PR	sonnevald	ENSG00000084070.7	SMAP2	protein_coding
1402	LAMP3	-0.3154269	PR	sonnevald	ENSG00000078081.3	LAMP3	protein_coding
1403	CHPT1	-0.3177954	PR	sonnevald	ENSG00000111666.6	CHPT1	protein_coding
1404	KLF6	-0.3211644	PR	sonnevald	ENSG00000067082.10	KLF6	protein_coding
1405	PDE4B	-0.3238515	PR	sonnevald	ENSG00000184588.13	PDE4B	protein_coding
1406	CPNE5	-0.3292943	PR	sonnevald	ENSG00000124772.7	CPNE5	protein_coding
1407	CD40	-0.33285290000000006	PR	sonnevald	ENSG00000101017.9	CD40	protein_coding
1408	HLA-DRB1	-0.3330382	PR	sonnevald	ENSG00000196126.6	HLA-DRB1	protein_coding
1409	LY96	-0.3335026	PR	sonnevald	ENSG00000154589.2	LY96	protein_coding
1410	LMNA	-0.3448745	PR	sonnevald	ENSG00000160789.15	LMNA	protein_coding
1411	MEI1	-0.34580520000000003	PR	sonnevald	ENSG00000167077.8	MEI1	protein_coding
1412	ALCAM	-0.3477045	PR	sonnevald	ENSG00000170017.8	ALCAM	protein_coding
1413	GABARAPL1	-0.34917059999999994	PR	sonnevald	ENSG00000139112.6	GABARAPL1	protein_coding
1414	GABARAPL3	-0.34917059999999994	PR	sonnevald	ENSG00000238244.2	GABARAPL3	protein_coding
1415	PNOC	-0.3521291	PR	sonnevald	ENSG00000168081.4	PNOC	protein_coding
1416	ITM2C	-0.35543259999999993	PR	sonnevald	ENSG00000135916.11	ITM2C	protein_coding
1417	PECAM1	-0.3557557	PR	sonnevald			
1418	CYSLTR1	-0.3742065	PR	sonnevald	ENSG00000173198.4	CYSLTR1	protein_coding
1419	CCND1	-0.11543250000000001	MS	sonnevald	ENSG00000110092.3	CCND1	protein_coding
1420	FRZB	-0.1899828	MS	sonnevald	ENSG00000162998.4	FRZB	protein_coding
1421	FRZB	-0.19011889999999998	MS	sonnevald	ENSG00000162998.4	FRZB	protein_coding
1422	MS4A1	-0.1982745	MS	sonnevald	ENSG00000156738.13	MS4A1	protein_coding
1423	LAPTM5	-0.2012885	MS	sonnevald	ENSG00000162511.7	LAPTM5	protein_coding
1424	MAGEC1	-0.2198114	MS	sonnevald	ENSG00000155495.8	MAGEC1	protein_coding
1425	DUSP2	-0.2290492	MS	sonnevald	ENSG00000158050.4	DUSP2	protein_coding
1426	SYK	-0.23446820000000002	MS	sonnevald	ENSG00000165025.10	SYK	protein_coding
1427	SLC35F2	-0.2595797	MS	sonnevald	ENSG00000110660.10	SLC35F2	protein_coding
1428	RGS1	-0.2596403	MS	sonnevald	ENSG00000090104.7	RGS1	protein_coding
1429	RGS13	-0.2627933	MS	sonnevald	ENSG00000127074.10	RGS13	protein_coding
1430	CCND1	-0.2690679	MS	sonnevald	ENSG00000110092.3	CCND1	protein_coding
1431	CD79A	-0.2775424	MS	sonnevald	ENSG00000105369.5	CD79A	protein_coding
1432	FRZB	-0.2813719	MS	sonnevald	ENSG00000162998.4	FRZB	protein_coding
1433	RGS1	-0.2833394	MS	sonnevald	ENSG00000090104.7	RGS1	protein_coding
1434	NOL4	-0.29496479999999997	MS	sonnevald	ENSG00000101746.11	NOL4	protein_coding
1435	KCNMB2	-0.302503	MS	sonnevald	ENSG00000197584.7	KCNMB2	protein_coding
1436	TIAM1	-0.3195554	MS	sonnevald	ENSG00000156299.8	TIAM1	protein_coding
1437	ADM	-0.3286485	MS	sonnevald	ENSG00000148926.5	ADM	protein_coding
1438	SNHG7	-0.3291122	MS	sonnevald	ENSG00000233016.2	SNHG7	long_noncoding
1439	CD79A	-0.3587767	MS	sonnevald	ENSG00000105369.5	CD79A	protein_coding
1440	RPL37	-0.3592068	MS	sonnevald	ENSG00000145592.9	RPL37	protein_coding
1441	IL10RA	-0.3739519	MS	sonnevald	ENSG00000110324.5	IL10RA	protein_coding
1442	TFEB	-0.3772815	MS	sonnevald	ENSG00000112561.13	TFEB	protein_coding
1443	DPP7	-0.3785995	MS	sonnevald	ENSG00000176978.9	DPP7	protein_coding
1444	GPX1	-0.37904720000000003	MS	sonnevald	ENSG00000233276.2	GPX1	protein_coding
1445	EPSTI1	-0.3797547	MS	sonnevald	ENSG00000133106.10	EPSTI1	protein_coding
1446	STARD10	-0.3832897	MS	sonnevald	ENSG00000214530.3	STARD10	protein_coding
1447	SPARC	-0.39265459999999996	MS	sonnevald	ENSG00000113140.6	SPARC	protein_coding
1448	HEY1	-0.39308109999999996	MS	sonnevald	ENSG00000164683.12	HEY1	protein_coding
1449	NOL4	-0.39735790000000004	MS	sonnevald	ENSG00000101746.11	NOL4	protein_coding
1450	KISS1R	-0.3998869	MS	sonnevald	ENSG00000116014.5	KISS1R	protein_coding
1451	PTPRJ	-0.4018406	MS	sonnevald	ENSG00000149177.8	PTPRJ	protein_coding
1452	COBLL1	-0.4126245	MS	sonnevald	ENSG00000082438.11	COBLL1	protein_coding
1453	FGL2	-0.4267357	MS	sonnevald	ENSG00000127951.5	FGL2	protein_coding
1454	FAM49A	-0.42734220000000006	MS	sonnevald	ENSG00000197872.7	FAM49A	protein_coding
1455	LOC100132881	-0.4288106	MS	sonnevald			
1456	LOC728715	-0.4288106	MS	sonnevald			
1457	OVOS	-0.4288106	MS	sonnevald			
1458	OVOS2	-0.4288106	MS	sonnevald			
1459	CCRL2	-0.43746899999999994	MS	sonnevald	ENSG00000121797.9	CCRL2	protein_coding
1460	LOC727811	-0.43746899999999994	MS	sonnevald			
1461	PDLIM1	-0.43913290000000005	MS	sonnevald	ENSG00000107438.4	PDLIM1	protein_coding
1462	LOC653506	-0.45144480000000003	MS	sonnevald			
1463	METRNL	-0.45144480000000003	MS	sonnevald	ENSG00000176845.8	METRNL	protein_coding
1464	SYNGR3	-0.46581140000000004	MS	sonnevald	ENSG00000127561.10	SYNGR3	protein_coding
1465	ESRRA	-0.4698767	MS	sonnevald	ENSG00000173153.9	ESRRA	protein_coding
1466	SH3BP5	-0.47009090000000003	MS	sonnevald	ENSG00000131370.11	SH3BP5	protein_coding
1467	LOC129293	-0.49103159999999996	MS	sonnevald			
1468	SPEF2	-0.5031806	MS	sonnevald	ENSG00000152582.8	SPEF2	protein_coding
1469	DKK1	-0.0433941	MF	sonnevald	ENSG00000107984.5	DKK1	protein_coding
1470	CTHRC1	-0.05471469999999999	MF	sonnevald	ENSG00000164932.8	CTHRC1	protein_coding
1471	CMPK2	-0.0570374	MF	sonnevald	ENSG00000134326.7	CMPK2	protein_coding
1472	ADM	-0.066971	MF	sonnevald	ENSG00000148926.5	ADM	protein_coding
1473	NTN3	-0.072615	MF	sonnevald	ENSG00000162068.1	NTN3	protein_coding
1474	FRZB	-0.0755086	MF	sonnevald	ENSG00000162998.4	FRZB	protein_coding
1475	NTN3	-0.0788319	MF	sonnevald	ENSG00000162068.1	NTN3	protein_coding
1476	FRZB	-0.0951748	MF	sonnevald	ENSG00000162998.4	FRZB	protein_coding
1477	GBA3	-0.101936	MF	sonnevald	ENSG00000249948.2	GBA3	protein_coding
1478	LOC100130100	-0.1062122	MF	sonnevald			
1479	TNFSF10	-0.1102236	MF	sonnevald	ENSG00000121858.6	TNFSF10	protein_coding
1480	STAP1	-0.1151384	MF	sonnevald	ENSG00000035720.3	STAP1	protein_coding
1481	NCAM1	-0.11824680000000001	MF	sonnevald	ENSG00000149294.12	NCAM1	protein_coding
1482	IGKV1D-13	-0.1187305	MF	sonnevald	ENSG00000211630.2	IGKV1D-13	protein_coding
1483	CCDC85A	-0.1258792	MF	sonnevald	ENSG00000055813.5	CCDC85A	protein_coding
1484	AMPD1	-0.1266367	MF	sonnevald	ENSG00000116748.15	AMPD1	protein_coding
1485	CCND1	-0.12951110000000002	MF	sonnevald	ENSG00000110092.3	CCND1	protein_coding
1486	IL5RA	-0.13586099999999998	MF	sonnevald	ENSG00000091181.15	IL5RA	protein_coding
1487	PIP5K1B	-0.1375328	MF	sonnevald	ENSG00000107242.13	PIP5K1B	protein_coding
1488	CD200	-0.1403377	MF	sonnevald	ENSG00000091972.14	CD200	protein_coding
1489	TNFSF10	-0.1430766	MF	sonnevald	ENSG00000121858.6	TNFSF10	protein_coding
1490	IGHG1	-0.1460892	MF	sonnevald	ENSG00000211896.2	IGHG1	protein_coding
1491	GOLGA9P	-0.14662779999999997	MF	sonnevald			
1492	RSAD2	-0.1485399	MF	sonnevald	ENSG00000134321.7	RSAD2	protein_coding
1493	IGKV4-1	-0.15866760000000002	MF	sonnevald	ENSG00000211598.2	IGKV4-1	protein_coding
1494	OSBPL10	-0.1646727	MF	sonnevald	ENSG00000144645.9	OSBPL10	protein_coding
1495	ATP10B	-0.1685433	MF	sonnevald	ENSG00000118322.8	ATP10B	protein_coding
1496	IL5RA	-0.16955870000000003	MF	sonnevald	ENSG00000091181.15	IL5RA	protein_coding
1497	TNFSF10	-0.1756769	MF	sonnevald	ENSG00000121858.6	TNFSF10	protein_coding
1498	GBA3	-0.1766034	MF	sonnevald	ENSG00000249948.2	GBA3	protein_coding
1499	BASP1	-0.1770563	MF	sonnevald	ENSG00000176788.7	BASP1	protein_coding
1500	NLGN4X	-0.17772939999999998	MF	sonnevald	ENSG00000146938.10	NLGN4X	protein_coding
1501	SYT1	-0.18015620000000002	MF	sonnevald	ENSG00000067715.9	SYT1	protein_coding
1502	CPVL	-0.18136359999999999	MF	sonnevald	ENSG00000106066.9	CPVL	protein_coding
1503	HLA-DPA1	-0.18704579999999998	MF	sonnevald	ENSG00000231389.3	HLA-DPA1	protein_coding
1504	HBD	-0.1889339	MF	sonnevald	ENSG00000223609.3	HBD	protein_coding
1505	IGKC	-0.1914644	MF	sonnevald	ENSG00000211592.2	IGKC	protein_coding
1506	FAM13A	-0.19196229999999997	MF	sonnevald	ENSG00000138640.10	FAM13A	protein_coding
1507	SYNGR1	-0.1925986	MF	sonnevald	ENSG00000100321.10	SYNGR1	protein_coding
1508	HLA-DOB	-0.1969372	MF	sonnevald	ENSG00000241106.2	HLA-DOB	protein_coding
1509	IGJ	-0.19852460000000002	MF	sonnevald	ENSG00000132465.6	IGJ	protein_coding
1510	FCRLA	-0.2193403	MF	sonnevald	ENSG00000132185.12	FCRLA	protein_coding
1511	FCRLB	-0.23073449999999998	MF	sonnevald	ENSG00000162746.10	FCRLB	protein_coding
1512	GLCCI1	-0.2317864	MF	sonnevald	ENSG00000106415.8	GLCCI1	protein_coding
1513	FCGR2B	-0.2329087	MF	sonnevald	ENSG00000072694.14	FCGR2B	protein_coding
1514	IFI27	-0.2376552	MF	sonnevald	ENSG00000165949.8	IFI27	protein_coding
1515	HOMER1	-0.23831239999999998	MF	sonnevald	ENSG00000152413.10	HOMER1	protein_coding
1516	CKAP2	-0.2421065	MF	sonnevald	ENSG00000136108.10	CKAP2	protein_coding
1517	BASP1	-0.0740288	LB	sonnevald	ENSG00000176788.7	BASP1	protein_coding
1518	DKK1	-0.0807771	LB	sonnevald	ENSG00000107984.5	DKK1	protein_coding
1519	CMPK2	-0.0807873	LB	sonnevald	ENSG00000134326.7	CMPK2	protein_coding
1520	RSAD2	-0.1536659	LB	sonnevald	ENSG00000134321.7	RSAD2	protein_coding
1521	HBD	-0.189147	LB	sonnevald	ENSG00000223609.3	HBD	protein_coding
1522	TNFSF10	-0.1906622	LB	sonnevald	ENSG00000121858.6	TNFSF10	protein_coding
1523	TNFSF10	-0.1977031	LB	sonnevald	ENSG00000121858.6	TNFSF10	protein_coding
1524	IFIT1	-0.1990668	LB	sonnevald	ENSG00000185745.8	IFIT1	protein_coding
1525	IFI6	-0.20509829999999998	LB	sonnevald	ENSG00000126709.10	IFI6	protein_coding
1526	STAP1	-0.20513070000000003	LB	sonnevald	ENSG00000035720.3	STAP1	protein_coding
1527	DUSP6	-0.2298999	LB	sonnevald	ENSG00000139318.7	DUSP6	protein_coding
1528	HOMER1	-0.24056420000000003	LB	sonnevald	ENSG00000152413.10	HOMER1	protein_coding
1529	TMEM45A	-0.2581463	LB	sonnevald	ENSG00000181458.6	TMEM45A	protein_coding
1530	TNFSF10	-0.26134	LB	sonnevald	ENSG00000121858.6	TNFSF10	protein_coding
1531	LY6E	-0.2633268	LB	sonnevald	ENSG00000160932.6	LY6E	protein_coding
1532	FAM26F	-0.2737075	LB	sonnevald	ENSG00000188820.8	FAM26F	protein_coding
1533	PDLIM1	-0.2972335	LB	sonnevald	ENSG00000107438.4	PDLIM1	protein_coding
1534	CTSC	-0.30480840000000003	LB	sonnevald	ENSG00000109861.11	CTSC	protein_coding
1535	CDKN2C	-0.3069152	LB	sonnevald	ENSG00000123080.6	CDKN2C	protein_coding
1536	CCRL2	-0.3313507	LB	sonnevald	ENSG00000121797.9	CCRL2	protein_coding
1537	GPX1	-0.3406019	LB	sonnevald	ENSG00000233276.2	GPX1	protein_coding
1538	SLC35F2	-0.3875502	LB	sonnevald	ENSG00000110660.10	SLC35F2	protein_coding
1539	EHD4	-0.391395	LB	sonnevald	ENSG00000103966.5	EHD4	protein_coding
1540	ALG9	-0.4475478	LB	sonnevald	ENSG00000086848.10	ALG9	protein_coding
